Brand,Category,Color,Size,Material,Price,Bought_Date,Original_Price,Usage_Level
New Balance,Dress,White,XS,Nylon,182,2020-09-21 06:24:21.031382,200.98,4
New Balance,Jeans,Black,XS,Silk,57,2021-04-03 06:24:21.031382,68.61,4
Under Armour,Dress,Red,M,Wool,127,2021-08-09 06:24:21.031382,153.46,4
Nike,Shoes,Green,M,Cotton,77,2020-08-10 06:24:21.031382,88.24,2
Adidas,Sweater,White,M,Nylon,113,2023-12-24 06:24:21.031382,159.54,3
Reebok,Jacket,Red,XL,Nylon,19,2021-12-30 06:24:21.031382,22.75,5
Puma,Jacket,Red,XXL,Polyester,31,2024-07-19 06:24:21.031382,34.37,1
Adidas,Dress,Red,XS,Denim,46,2021-04-06 06:24:21.031382,60.15,5
Reebok,Dress,Black,S,Wool,97,2021-12-02 06:24:21.031382,111.45,3
Adidas,Jeans,Yellow,L,Wool,80,2025-01-11 06:24:21.031382,98.91,0
Nike,Jacket,White,XL,Silk,98,2024-06-23 06:24:21.031382,146.69,4
Puma,Jacket,White,XL,Silk,150,2020-08-02 06:24:21.031382,207.21,3
Under Armour,Jacket,White,S,Nylon,68,2021-04-30 06:24:21.031382,83.84,3
Under Armour,T-shirt,Blue,XL,Polyester,49,2021-10-03 06:24:21.031382,61.9,2
New Balance,Jacket,Green,S,Nylon,97,2023-08-23 06:24:21.031382,141.38,5
Under Armour,Jacket,Green,XXL,Silk,184,2024-01-28 06:24:21.031382,264.55,2
New Balance,Jeans,Red,S,Cotton,98,2023-02-07 06:24:21.031382,136.71,1
Reebok,Shoes,Blue,XS,Polyester,91,2021-09-16 06:24:21.031382,128.04,2
Adidas,Jeans,Yellow,XL,Denim,175,2021-08-16 06:24:21.031382,249.97,3
Puma,Shoes,Blue,XL,Wool,35,2022-12-13 06:24:21.031382,39.49,2
Puma,Sweater,Blue,L,Cotton,87,2023-08-16 06:24:21.031382,127.32,2
New Balance,Jeans,Green,S,Cotton,82,2022-12-27 06:24:21.031382,115.34,5
Reebok,Jacket,Black,L,Denim,19,2024-05-16 06:24:21.031382,23.96,0
Puma,Jacket,Red,XXL,Wool,158,2021-08-29 06:24:21.031382,220.48,0
Puma,Jacket,Black,L,Denim,125,2022-02-14 06:24:21.031382,153.84,4
Adidas,Jeans,White,XXL,Nylon,89,2020-12-03 06:24:21.031382,129.8,0
Adidas,Dress,Green,L,Polyester,185,2024-05-25 06:24:21.031382,213.49,3
New Balance,Shoes,Blue,M,Cotton,92,2020-10-10 06:24:21.031382,133.56,5
Adidas,T-shirt,Red,XS,Denim,109,2023-07-25 06:24:21.031382,147.68,4
Reebok,Sweater,Yellow,S,Denim,187,2023-08-28 06:24:21.031382,208.16,2
New Balance,Dress,Yellow,XL,Nylon,39,2022-07-11 06:24:21.031382,51.85,4
Reebok,T-shirt,Blue,M,Wool,157,2023-02-06 06:24:21.031382,228.94,0
Reebok,Jeans,Black,M,Nylon,157,2024-12-03 06:24:21.031382,226.14,2
Puma,Shoes,Black,M,Cotton,152,2025-01-14 06:24:21.031382,203.88,4
Under Armour,Sweater,Red,XL,Polyester,177,2021-04-04 06:24:21.031382,226.51,5
Puma,Sweater,White,M,Polyester,42,2024-03-08 06:24:21.031382,51.85,0
Adidas,Jeans,Green,M,Wool,19,2024-03-29 06:24:21.031382,23.59,5
Under Armour,Shoes,Black,XL,Nylon,195,2022-06-19 06:24:21.031382,222.0,4
Nike,Dress,Yellow,XS,Silk,137,2022-06-05 06:24:21.031382,183.82,5
Under Armour,T-shirt,Yellow,XXL,Polyester,42,2020-09-22 06:24:21.031382,49.13,1
Adidas,Jacket,Yellow,M,Silk,41,2022-01-19 06:24:21.031382,53.87,1
Adidas,Shoes,White,S,Nylon,161,2022-11-06 06:24:21.031382,189.19,4
Adidas,Jacket,Black,XS,Nylon,173,2023-06-14 06:24:21.031382,257.6,1
New Balance,Shoes,Blue,XL,Silk,124,2023-11-03 06:24:21.031382,160.86,5
Adidas,T-shirt,Black,XS,Wool,193,2023-10-26 06:24:21.031382,240.46,3
Nike,Jacket,Black,XS,Silk,38,2023-10-14 06:24:21.031382,41.88,0
New Balance,Dress,Red,L,Cotton,44,2023-03-05 06:24:21.031382,59.68,1
Under Armour,Shoes,Green,XL,Silk,138,2022-07-28 06:24:21.031382,182.03,5
Nike,Jeans,White,XS,Silk,138,2021-06-05 06:24:21.031382,160.77,2
Puma,Shoes,Black,XL,Wool,174,2023-07-11 06:24:21.031382,198.22,5
Under Armour,Jacket,Black,XXL,Cotton,63,2024-10-27 06:24:21.031382,78.93,1
Puma,Jeans,Green,M,Nylon,143,2020-10-08 06:24:21.031382,194.68,3
Puma,Shoes,Yellow,XL,Cotton,48,2021-03-06 06:24:21.031382,59.9,3
New Balance,Jacket,White,XS,Silk,27,2024-01-03 06:24:21.031382,36.15,3
Puma,Jacket,Green,XL,Denim,89,2020-07-15 06:24:21.031382,105.42,1
New Balance,Sweater,Black,L,Nylon,142,2022-04-18 06:24:21.031382,200.95,4
Adidas,Jacket,Blue,XXL,Wool,115,2022-07-02 06:24:21.031382,161.4,3
Under Armour,Sweater,Red,L,Nylon,52,2023-11-23 06:24:21.031382,75.92,5
Reebok,T-shirt,Red,L,Wool,196,2021-03-20 06:24:21.031382,284.81,5
Under Armour,Jacket,Green,XXL,Silk,41,2022-09-03 06:24:21.031382,60.62,5
Adidas,Shoes,Green,XXL,Cotton,130,2024-10-11 06:24:21.031382,174.04,3
Under Armour,Jacket,Yellow,XXL,Cotton,11,2024-12-18 06:24:21.031382,14.4,5
New Balance,Jacket,Red,XL,Cotton,75,2020-11-27 06:24:21.031382,90.61,2
Adidas,Sweater,Green,XS,Denim,179,2024-08-09 06:24:21.031382,211.4,4
Under Armour,Jacket,White,M,Cotton,67,2025-05-04 06:24:21.031382,76.17,0
Under Armour,Dress,Black,S,Cotton,45,2023-11-29 06:24:21.031382,60.96,0
New Balance,T-shirt,Black,M,Polyester,112,2022-08-07 06:24:21.031382,141.81,3
Puma,Jeans,Blue,XXL,Silk,129,2022-07-27 06:24:21.031382,186.33,0
Nike,Shoes,White,L,Cotton,21,2025-01-18 06:24:21.031382,28.39,3
Under Armour,Jeans,Blue,XXL,Denim,184,2022-05-09 06:24:21.031382,228.82,2
Reebok,Sweater,White,XS,Cotton,92,2022-05-24 06:24:21.031382,125.88,5
Nike,Shoes,Green,XXL,Wool,101,2021-06-27 06:24:21.031382,113.37,2
Reebok,T-shirt,Yellow,XXL,Silk,138,2022-03-07 06:24:21.031382,154.11,0
New Balance,T-shirt,Yellow,XL,Wool,152,2022-12-30 06:24:21.031382,181.62,3
Under Armour,Jeans,Yellow,XL,Cotton,109,2023-03-16 06:24:21.031382,160.81,4
Adidas,Sweater,White,XS,Silk,63,2022-01-15 06:24:21.031382,70.36,0
New Balance,Dress,Yellow,XS,Silk,150,2020-11-18 06:24:21.031382,205.33,0
Under Armour,T-shirt,Red,XXL,Silk,131,2023-09-11 06:24:21.031382,151.48,1
Puma,Shoes,White,L,Nylon,180,2025-02-02 06:24:21.031382,229.44,3
Adidas,Jeans,White,L,Polyester,94,2024-10-21 06:24:21.031382,113.53,5
Reebok,Dress,Yellow,XS,Polyester,78,2020-08-10 06:24:21.031382,100.95,2
Under Armour,Dress,Blue,L,Cotton,16,2023-06-25 06:24:21.031382,21.61,2
New Balance,Dress,White,XXL,Polyester,57,2025-04-21 06:24:21.031382,68.95,0
New Balance,Shoes,Blue,S,Silk,137,2024-08-08 06:24:21.031382,161.78,5
Under Armour,Jacket,White,XXL,Nylon,141,2022-05-30 06:24:21.031382,168.82,5
Adidas,Dress,Red,XL,Polyester,110,2021-09-19 06:24:21.031382,147.52,5
Under Armour,Dress,Green,L,Polyester,190,2021-07-19 06:24:21.031382,266.7,2
Nike,Shoes,Black,L,Nylon,88,2024-10-13 06:24:21.031382,117.3,1
Reebok,Jeans,Blue,L,Wool,153,2023-12-28 06:24:21.031382,195.02,3
Under Armour,Sweater,Blue,XS,Cotton,158,2024-08-18 06:24:21.031382,232.78,2
Under Armour,Jacket,White,XXL,Silk,196,2021-01-17 06:24:21.031382,251.95,0
Adidas,Jeans,Red,XXL,Denim,33,2024-03-24 06:24:21.031382,45.62,2
Puma,Shoes,Blue,S,Nylon,151,2021-06-27 06:24:21.031382,216.27,2
New Balance,Jeans,Black,XXL,Wool,127,2023-12-14 06:24:21.031382,174.02,3
Reebok,Dress,Red,L,Denim,95,2024-02-07 06:24:21.031382,133.22,1
Nike,Jacket,Yellow,S,Cotton,58,2022-07-25 06:24:21.031382,82.55,1
New Balance,Sweater,Yellow,S,Wool,59,2023-08-13 06:24:21.031382,66.89,5
Nike,Sweater,Yellow,XS,Cotton,79,2022-04-12 06:24:21.031382,100.69,5
Adidas,Jeans,Black,L,Polyester,179,2024-07-12 06:24:21.031382,211.89,0
Nike,Jacket,Green,S,Nylon,173,2023-04-25 06:24:21.031382,257.85,5
Puma,Jeans,Blue,L,Cotton,105,2021-03-16 06:24:21.031382,119.52,0
Under Armour,Shoes,Black,L,Nylon,104,2023-12-12 06:24:21.031382,115.95,4
Reebok,Jeans,Green,XXL,Nylon,10,2023-04-21 06:24:21.031382,12.02,3
New Balance,Sweater,Red,M,Denim,123,2025-06-21 06:24:21.031382,166.65,5
Under Armour,Sweater,Black,XL,Wool,188,2022-04-12 06:24:21.031382,264.98,3
Adidas,Jeans,Red,L,Silk,46,2021-10-04 06:24:21.031382,55.47,2
Under Armour,Sweater,Green,XXL,Wool,172,2021-11-01 06:24:21.031382,241.38,4
Puma,Shoes,Black,XS,Denim,58,2023-04-14 06:24:21.031382,66.2,2
Nike,Sweater,Blue,XXL,Wool,103,2024-04-16 06:24:21.031382,147.72,0
New Balance,Dress,Green,XL,Silk,141,2021-06-14 06:24:21.031382,210.42,2
Reebok,Dress,Blue,XS,Denim,108,2022-03-06 06:24:21.031382,150.5,3
Puma,T-shirt,Red,XS,Silk,52,2021-06-07 06:24:21.031382,77.04,4
New Balance,Shoes,Blue,XS,Wool,122,2021-12-30 06:24:21.031382,158.66,1
Adidas,T-shirt,Black,M,Nylon,159,2025-01-13 06:24:21.031382,181.29,0
Reebok,Jeans,Black,XL,Polyester,137,2022-12-05 06:24:21.031382,189.77,5
Under Armour,Jeans,Yellow,XS,Silk,10,2025-03-23 06:24:21.031382,14.55,3
Adidas,Jeans,White,XXL,Polyester,148,2024-08-22 06:24:21.031382,187.23,2
Under Armour,Jeans,Blue,XXL,Nylon,124,2020-12-25 06:24:21.031382,176.41,0
Puma,Sweater,Yellow,M,Silk,53,2020-09-28 06:24:21.031382,64.9,3
New Balance,T-shirt,Green,XL,Cotton,196,2022-06-05 06:24:21.031382,281.3,0
Puma,Jeans,Red,XXL,Cotton,137,2024-12-11 06:24:21.031382,184.81,5
Adidas,Dress,Green,XS,Wool,33,2024-03-22 06:24:21.031382,48.87,0
Nike,Sweater,White,XS,Polyester,197,2023-04-10 06:24:21.031382,240.62,2
Adidas,T-shirt,Red,L,Cotton,140,2022-02-26 06:24:21.031382,176.74,1
Nike,Shoes,White,XL,Wool,131,2022-07-01 06:24:21.031382,174.53,5
Adidas,Sweater,Blue,XXL,Wool,108,2023-01-26 06:24:21.031382,132.68,4
Adidas,Jacket,Black,S,Wool,72,2024-12-28 06:24:21.031382,89.15,3
Reebok,Jeans,Blue,XS,Denim,173,2023-12-11 06:24:21.031382,228.12,4
Nike,Dress,Red,XS,Nylon,133,2023-08-21 06:24:21.031382,184.46,5
Nike,Shoes,Yellow,XS,Polyester,92,2024-04-05 06:24:21.031382,115.27,0
New Balance,T-shirt,Red,L,Silk,184,2023-02-21 06:24:21.031382,226.9,1
Puma,Sweater,Yellow,XXL,Wool,158,2020-09-10 06:24:21.031382,226.23,4
Under Armour,T-shirt,Green,L,Silk,60,2024-10-03 06:24:21.031382,72.1,1
Puma,Jacket,Black,L,Cotton,165,2024-12-14 06:24:21.031382,189.81,1
Nike,Dress,Green,XL,Nylon,24,2021-04-23 06:24:21.031382,34.17,4
Reebok,Shoes,Blue,M,Denim,51,2023-07-25 06:24:21.031382,65.64,1
Nike,Sweater,White,XL,Silk,68,2023-11-28 06:24:21.031382,83.59,0
New Balance,Shoes,Yellow,M,Wool,46,2023-02-24 06:24:21.031382,64.21,2
Under Armour,Jacket,Yellow,S,Nylon,20,2024-11-09 06:24:21.031382,22.48,0
Under Armour,Dress,Green,XL,Wool,96,2025-03-04 06:24:21.031382,131.06,1
Adidas,Jeans,Black,XXL,Nylon,53,2025-05-08 06:24:21.031382,61.88,4
Reebok,T-shirt,Black,XXL,Silk,114,2023-04-30 06:24:21.031382,147.32,2
New Balance,Jacket,Green,XXL,Silk,21,2024-04-27 06:24:21.031382,28.16,1
Puma,Shoes,Black,XXL,Cotton,12,2022-06-28 06:24:21.031382,17.71,2
Reebok,Shoes,Blue,XS,Denim,61,2022-01-09 06:24:21.031382,82.18,3
Adidas,T-shirt,White,S,Polyester,90,2023-03-23 06:24:21.031382,115.86,5
Nike,T-shirt,Red,XS,Denim,42,2023-05-11 06:24:21.031382,57.21,4
New Balance,Jacket,Yellow,M,Wool,192,2024-04-20 06:24:21.031382,287.5,3
Under Armour,Jacket,White,L,Wool,138,2025-01-21 06:24:21.031382,205.9,2
Nike,Sweater,Yellow,M,Cotton,48,2021-01-05 06:24:21.031382,56.87,1
Nike,Dress,Yellow,XL,Denim,29,2023-10-27 06:24:21.031382,38.23,5
Adidas,Shoes,Red,XXL,Nylon,184,2024-11-04 06:24:21.031382,237.07,2
Puma,Jeans,Blue,S,Denim,52,2024-07-14 06:24:21.031382,70.62,1
Nike,Dress,Green,XXL,Nylon,125,2024-12-08 06:24:21.031382,178.32,0
Under Armour,Shoes,Black,S,Silk,194,2023-08-28 06:24:21.031382,238.92,0
Under Armour,Shoes,Black,S,Silk,198,2022-03-27 06:24:21.031382,283.4,1
Puma,Jeans,Red,M,Wool,87,2023-04-12 06:24:21.031382,122.28,4
Puma,Jeans,Yellow,XL,Polyester,40,2023-09-30 06:24:21.031382,47.68,1
Adidas,Sweater,Black,L,Wool,34,2021-06-13 06:24:21.031382,49.28,4
Reebok,Dress,Green,S,Denim,135,2022-08-17 06:24:21.031382,176.02,2
Under Armour,Jacket,Black,L,Nylon,12,2021-02-05 06:24:21.031382,17.86,2
Nike,T-shirt,Yellow,S,Polyester,13,2024-10-23 06:24:21.031382,17.12,1
Adidas,Shoes,White,S,Polyester,104,2024-06-08 06:24:21.031382,126.67,3
Puma,Sweater,Green,M,Cotton,117,2020-12-27 06:24:21.031382,130.15,5
Nike,Sweater,Yellow,XS,Silk,23,2024-08-25 06:24:21.031382,31.49,4
Reebok,Sweater,Yellow,S,Polyester,122,2022-12-28 06:24:21.031382,157.81,1
New Balance,Jacket,Red,XS,Denim,50,2024-09-06 06:24:21.031382,58.0,1
Puma,Shoes,Yellow,M,Wool,82,2020-10-14 06:24:21.031382,104.69,2
Reebok,T-shirt,Green,S,Nylon,29,2022-06-16 06:24:21.031382,36.98,5
Reebok,Jeans,Red,XXL,Silk,105,2022-03-16 06:24:21.031382,119.46,3
Under Armour,Shoes,Red,XL,Denim,82,2024-03-17 06:24:21.031382,110.57,4
New Balance,Jacket,Green,S,Wool,164,2023-10-23 06:24:21.031382,222.44,2
Under Armour,Dress,Red,S,Nylon,190,2025-02-28 06:24:21.031382,224.59,4
Reebok,Dress,Green,XL,Wool,77,2025-05-17 06:24:21.031382,88.27,3
New Balance,Jacket,Black,XL,Wool,71,2020-09-13 06:24:21.031382,83.45,1
Under Armour,Sweater,Red,S,Silk,24,2021-05-03 06:24:21.031382,36.0,0
New Balance,Jacket,Black,L,Nylon,106,2022-07-09 06:24:21.031382,153.86,0
New Balance,Shoes,Red,M,Wool,14,2023-12-26 06:24:21.031382,20.5,5
Puma,T-shirt,Yellow,XXL,Polyester,149,2020-09-05 06:24:21.031382,183.38,4
Reebok,Shoes,White,L,Denim,96,2022-01-04 06:24:21.031382,122.02,0
Reebok,Jeans,Green,XXL,Denim,131,2023-09-18 06:24:21.031382,185.96,1
Adidas,Jeans,Yellow,S,Silk,119,2020-09-28 06:24:21.031382,139.67,2
Adidas,Jeans,Black,XXL,Cotton,85,2021-11-17 06:24:21.031382,98.33,5
Adidas,Shoes,Green,XS,Polyester,194,2021-07-09 06:24:21.031382,239.24,4
Adidas,Jeans,Green,XL,Nylon,26,2020-08-12 06:24:21.031382,38.82,5
Nike,Sweater,White,XXL,Denim,162,2022-11-03 06:24:21.031382,232.45,2
Adidas,Shoes,Black,XXL,Polyester,167,2022-06-11 06:24:21.031382,191.98,3
Puma,Shoes,Green,XL,Wool,159,2022-05-14 06:24:21.031382,216.41,2
Nike,Dress,Green,XS,Cotton,120,2021-07-15 06:24:21.031382,143.76,2
Puma,Dress,Red,M,Silk,35,2020-08-25 06:24:21.031382,52.16,3
Adidas,Jacket,Blue,XXL,Denim,198,2024-04-22 06:24:21.031382,247.56,3
Reebok,Jeans,Yellow,M,Cotton,131,2024-05-29 06:24:21.031382,184.47,2
Nike,Dress,Blue,S,Denim,128,2022-10-26 06:24:21.031382,176.25,4
Reebok,T-shirt,Green,S,Polyester,127,2025-01-29 06:24:21.031382,187.04,2
Puma,Jacket,White,XL,Cotton,199,2023-09-28 06:24:21.031382,227.58,5
Puma,Sweater,White,XS,Nylon,93,2021-02-19 06:24:21.031382,116.02,1
Nike,Dress,Blue,XS,Denim,171,2020-12-10 06:24:21.031382,234.92,3
New Balance,Jeans,White,L,Wool,114,2024-01-07 06:24:21.031382,165.71,5
Puma,Sweater,White,M,Wool,170,2021-02-08 06:24:21.031382,199.43,3
New Balance,T-shirt,Red,XXL,Nylon,131,2024-10-15 06:24:21.031382,195.33,0
Nike,T-shirt,Black,M,Wool,80,2023-04-16 06:24:21.031382,103.72,5
Puma,T-shirt,Black,S,Silk,41,2021-01-31 06:24:21.031382,47.88,3
Reebok,Sweater,Blue,S,Wool,23,2024-04-05 06:24:21.031382,33.98,0
Under Armour,Shoes,Red,M,Wool,81,2024-11-18 06:24:21.031382,89.66,3
Adidas,Dress,White,L,Denim,194,2023-03-11 06:24:21.031382,215.78,5
Adidas,Dress,White,S,Polyester,162,2021-05-31 06:24:21.031382,199.26,3
Under Armour,Shoes,Black,S,Cotton,89,2024-10-08 06:24:21.031382,107.78,5
Under Armour,Shoes,Blue,XXL,Wool,51,2021-01-25 06:24:21.031382,59.5,2
Nike,Jeans,Blue,L,Polyester,28,2024-11-14 06:24:21.031382,32.36,0
Puma,Shoes,Yellow,XXL,Nylon,50,2022-12-17 06:24:21.031382,64.71,0
Reebok,Sweater,Red,XXL,Denim,192,2024-01-03 06:24:21.031382,236.03,0
Adidas,Dress,Yellow,XL,Silk,21,2025-03-29 06:24:21.031382,25.91,3
Under Armour,Shoes,Blue,M,Nylon,176,2020-12-17 06:24:21.031382,231.15,2
New Balance,Jacket,Yellow,XS,Silk,121,2025-06-22 06:24:21.031382,133.74,1
New Balance,Jeans,White,XS,Polyester,103,2022-03-04 06:24:21.031382,131.32,1
Under Armour,Dress,Yellow,XS,Nylon,139,2021-11-24 06:24:21.031382,198.49,1
Under Armour,Jacket,Blue,XS,Polyester,128,2025-05-24 06:24:21.031382,167.23,0
Puma,Jeans,Black,XS,Silk,54,2023-07-23 06:24:21.031382,67.47,5
New Balance,T-shirt,Green,XL,Wool,135,2021-01-23 06:24:21.031382,187.43,2
Reebok,T-shirt,Black,M,Polyester,34,2021-03-16 06:24:21.031382,43.42,4
Under Armour,Jacket,White,S,Cotton,77,2024-04-10 06:24:21.031382,107.34,2
Reebok,T-shirt,Red,XS,Wool,13,2021-11-16 06:24:21.031382,14.76,0
Adidas,Jacket,Black,L,Wool,45,2020-10-31 06:24:21.031382,63.25,2
Nike,Jeans,White,XS,Cotton,199,2022-12-28 06:24:21.031382,236.05,5
Nike,Dress,Blue,XL,Nylon,53,2022-02-27 06:24:21.031382,66.73,2
Adidas,Jeans,Yellow,M,Cotton,42,2020-12-21 06:24:21.031382,54.83,4
Nike,Jacket,Red,L,Denim,21,2021-03-27 06:24:21.031382,23.35,4
Under Armour,Sweater,Red,XS,Wool,114,2022-12-26 06:24:21.031382,158.45,2
New Balance,Sweater,Red,XL,Nylon,148,2021-06-08 06:24:21.031382,199.16,3
Puma,Shoes,Yellow,XS,Nylon,192,2023-01-14 06:24:21.031382,265.59,1
Nike,Shoes,White,XS,Silk,175,2020-10-27 06:24:21.031382,236.57,0
Adidas,Shoes,Black,L,Cotton,135,2021-10-20 06:24:21.031382,183.74,0
Puma,Jacket,Yellow,XL,Wool,166,2021-01-11 06:24:21.031382,190.63,5
Adidas,T-shirt,White,M,Polyester,121,2021-03-30 06:24:21.031382,142.58,0
Under Armour,Jacket,Green,XL,Silk,12,2024-07-03 06:24:21.031382,17.55,3
Adidas,Shoes,Red,M,Denim,37,2020-08-10 06:24:21.031382,51.82,2
New Balance,Dress,Blue,M,Denim,161,2023-09-08 06:24:21.031382,181.47,4
Under Armour,Jeans,Yellow,M,Polyester,63,2024-03-31 06:24:21.031382,69.91,5
Nike,Jacket,Red,M,Nylon,61,2023-06-27 06:24:21.031382,85.37,5
Puma,Shoes,Yellow,XL,Wool,184,2025-03-24 06:24:21.031382,228.1,4
Reebok,Dress,White,L,Denim,158,2025-01-16 06:24:21.031382,202.36,1
New Balance,Sweater,Yellow,M,Denim,191,2022-05-31 06:24:21.031382,221.88,5
Puma,Jacket,Black,S,Wool,39,2025-06-27 06:24:21.031382,56.31,1
Reebok,T-shirt,Yellow,M,Cotton,77,2022-08-03 06:24:21.031382,101.77,2
Nike,Shoes,White,S,Wool,45,2023-05-31 06:24:21.031382,54.15,3
Adidas,Jacket,Blue,XS,Wool,49,2020-10-20 06:24:21.031382,67.59,3
New Balance,Shoes,Green,M,Cotton,147,2021-03-28 06:24:21.031382,163.51,3
New Balance,Sweater,Green,S,Cotton,83,2024-10-09 06:24:21.031382,111.23,2
Under Armour,Shoes,Yellow,M,Wool,51,2020-12-05 06:24:21.031382,64.25,0
Under Armour,Shoes,Yellow,XL,Wool,161,2023-06-05 06:24:21.031382,205.05,0
Under Armour,Dress,Yellow,L,Silk,141,2025-06-06 06:24:21.031382,198.38,4
Nike,Jacket,Green,XS,Polyester,56,2024-05-05 06:24:21.031382,81.83,1
Nike,Jacket,White,L,Silk,188,2024-02-29 06:24:21.031382,249.53,0
New Balance,Shoes,White,L,Silk,118,2023-12-09 06:24:21.031382,145.96,3
Reebok,T-shirt,Yellow,XL,Nylon,13,2023-06-29 06:24:21.031382,17.27,5
Puma,Jacket,White,XXL,Wool,41,2022-01-09 06:24:21.031382,47.03,4
Puma,Jeans,Black,S,Silk,19,2024-04-22 06:24:21.031382,24.39,2
Adidas,Jacket,Yellow,XS,Wool,148,2023-08-14 06:24:21.031382,190.51,5
Reebok,Dress,Blue,L,Silk,37,2022-04-10 06:24:21.031382,43.16,4
Nike,Jeans,Blue,M,Nylon,183,2022-11-25 06:24:21.031382,240.96,2
Nike,T-shirt,Green,XXL,Wool,177,2020-08-05 06:24:21.031382,252.51,4
Under Armour,Dress,Blue,S,Polyester,71,2021-12-19 06:24:21.031382,87.24,4
Reebok,T-shirt,Green,XS,Nylon,95,2021-09-13 06:24:21.031382,133.95,5
Reebok,Jacket,White,L,Cotton,107,2025-03-23 06:24:21.031382,151.35,5
Nike,Jacket,Blue,XXL,Polyester,54,2023-04-11 06:24:21.031382,63.54,0
Reebok,Jacket,Green,L,Denim,44,2023-04-12 06:24:21.031382,60.13,1
Under Armour,Sweater,Red,S,Denim,172,2021-03-07 06:24:21.031382,242.56,1
Under Armour,Sweater,Blue,M,Silk,98,2025-03-25 06:24:21.031382,123.46,1
New Balance,Sweater,White,L,Wool,43,2020-08-09 06:24:21.031382,57.65,4
Nike,Jeans,Yellow,XL,Wool,143,2020-08-06 06:24:21.031382,175.19,3
Nike,Sweater,Green,XL,Polyester,46,2023-04-28 06:24:21.031382,54.48,2
Reebok,Shoes,Green,XXL,Cotton,10,2020-08-31 06:24:21.031382,11.91,5
New Balance,Shoes,Black,S,Wool,44,2025-01-06 06:24:21.031382,51.14,0
Reebok,Jacket,Red,XS,Denim,136,2021-06-12 06:24:21.031382,161.26,0
New Balance,Jacket,Red,S,Cotton,191,2020-08-08 06:24:21.031382,279.54,3
New Balance,T-shirt,White,XXL,Cotton,90,2021-09-05 06:24:21.031382,104.95,0
New Balance,Dress,White,S,Nylon,146,2023-06-02 06:24:21.031382,187.18,2
Puma,Dress,Yellow,XS,Polyester,199,2022-11-18 06:24:21.031382,277.4,5
Reebok,Jeans,Green,XS,Polyester,139,2021-08-06 06:24:21.031382,203.69,1
Reebok,Dress,Red,XS,Polyester,122,2024-08-22 06:24:21.031382,180.35,4
Adidas,Jeans,Red,M,Denim,45,2023-09-17 06:24:21.031382,57.87,1
New Balance,T-shirt,Black,L,Silk,130,2022-01-27 06:24:21.031382,165.94,0
Nike,Jacket,White,S,Polyester,101,2022-09-17 06:24:21.031382,135.49,4
Reebok,Jacket,Yellow,XL,Wool,178,2021-02-13 06:24:21.031382,230.96,3
Adidas,Jeans,White,XS,Wool,126,2023-12-10 06:24:21.031382,152.0,5
Reebok,Sweater,Yellow,XS,Polyester,46,2021-01-08 06:24:21.031382,65.26,5
Nike,T-shirt,Red,XS,Wool,186,2022-09-20 06:24:21.031382,259.83,5
Puma,Shoes,Blue,L,Nylon,35,2024-06-27 06:24:21.031382,44.23,1
New Balance,Jacket,Black,XL,Silk,77,2021-02-10 06:24:21.031382,93.74,4
New Balance,Jacket,Blue,XXL,Denim,113,2025-02-23 06:24:21.031382,142.67,4
Under Armour,T-shirt,Black,XXL,Silk,45,2021-06-06 06:24:21.031382,49.87,3
Nike,Shoes,Blue,S,Cotton,124,2024-11-17 06:24:21.031382,170.9,0
Nike,Shoes,Yellow,L,Cotton,40,2021-09-20 06:24:21.031382,46.99,4
Adidas,Jeans,White,M,Denim,39,2022-01-13 06:24:21.031382,51.63,0
Adidas,Sweater,White,XXL,Silk,43,2024-03-02 06:24:21.031382,53.46,0
Adidas,Jeans,White,XXL,Polyester,156,2023-02-11 06:24:21.031382,218.12,5
Puma,T-shirt,Green,XL,Polyester,27,2022-12-26 06:24:21.031382,30.84,4
Adidas,Dress,Yellow,XL,Nylon,94,2024-05-06 06:24:21.031382,114.8,3
Nike,Jeans,Red,M,Denim,12,2021-01-30 06:24:21.031382,14.64,1
Adidas,Dress,Blue,S,Denim,79,2021-04-04 06:24:21.031382,109.27,0
Reebok,T-shirt,White,XL,Silk,111,2022-01-04 06:24:21.031382,130.24,1
Reebok,Shoes,Red,XS,Denim,150,2025-01-25 06:24:21.031382,181.12,4
Under Armour,Dress,Yellow,S,Wool,54,2020-09-24 06:24:21.031382,70.37,0
Reebok,Jacket,White,XXL,Wool,127,2025-01-31 06:24:21.031382,142.23,5
Under Armour,Dress,Blue,XXL,Cotton,76,2024-06-30 06:24:21.031382,87.06,4
Reebok,Sweater,Black,L,Denim,121,2025-05-23 06:24:21.031382,150.54,1
Puma,Sweater,Green,M,Silk,101,2022-12-25 06:24:21.031382,123.33,2
Under Armour,T-shirt,White,XS,Cotton,95,2025-05-15 06:24:21.031382,127.31,0
Reebok,Sweater,Yellow,XS,Nylon,177,2023-12-17 06:24:21.031382,264.7,4
Under Armour,Shoes,Yellow,XS,Denim,49,2024-11-06 06:24:21.031382,72.35,5
New Balance,Shoes,Green,L,Cotton,160,2021-10-01 06:24:21.031382,179.89,1
Under Armour,Dress,Yellow,XS,Nylon,168,2024-04-09 06:24:21.031382,240.94,2
Reebok,Jacket,Blue,XL,Silk,155,2025-02-11 06:24:21.031382,198.57,4
Nike,T-shirt,Blue,XS,Nylon,28,2022-11-12 06:24:21.031382,33.23,3
Adidas,Jeans,Yellow,S,Cotton,102,2025-07-03 06:24:21.031382,123.8,0
Under Armour,Jacket,Blue,XL,Denim,53,2023-08-18 06:24:21.031382,63.77,2
New Balance,Jeans,Yellow,XS,Silk,93,2025-04-29 06:24:21.031382,112.17,5
Under Armour,T-shirt,White,XXL,Cotton,187,2025-07-08 06:24:21.031382,219.91,0
Under Armour,Jeans,Yellow,L,Wool,51,2023-04-17 06:24:21.031382,70.99,3
Adidas,Jacket,Black,XS,Denim,103,2022-12-03 06:24:21.031382,138.99,1
New Balance,Sweater,Green,L,Polyester,184,2023-10-27 06:24:21.031382,218.52,2
Under Armour,T-shirt,Blue,XL,Nylon,159,2024-11-09 06:24:21.031382,185.63,2
Under Armour,Sweater,Green,XL,Nylon,99,2021-05-03 06:24:21.031382,127.46,5
Reebok,Sweater,White,XL,Denim,83,2023-06-25 06:24:21.031382,111.89,3
Nike,Sweater,Black,XL,Polyester,38,2021-10-03 06:24:21.031382,47.17,1
New Balance,Jacket,Red,L,Denim,115,2020-09-10 06:24:21.031382,127.95,1
Puma,Shoes,Yellow,S,Nylon,196,2021-07-19 06:24:21.031382,251.26,3
Puma,Dress,Blue,L,Nylon,138,2021-10-22 06:24:21.031382,181.76,1
New Balance,Sweater,Red,L,Denim,73,2022-12-24 06:24:21.031382,108.09,4
Adidas,Dress,Red,XS,Wool,26,2021-09-22 06:24:21.031382,30.99,2
New Balance,T-shirt,Blue,XS,Denim,116,2024-07-26 06:24:21.031382,152.02,3
New Balance,Jeans,White,L,Silk,174,2023-08-28 06:24:21.031382,220.14,2
Puma,Sweater,Red,M,Denim,104,2022-01-04 06:24:21.031382,122.21,3
Nike,Shoes,White,S,Nylon,34,2021-04-17 06:24:21.031382,46.77,0
Puma,Dress,White,XL,Wool,126,2023-07-25 06:24:21.031382,169.96,0
Nike,T-shirt,Yellow,XL,Denim,61,2022-02-04 06:24:21.031382,72.53,1
Nike,Jacket,White,XL,Nylon,146,2021-08-11 06:24:21.031382,210.57,3
Reebok,Shoes,White,XS,Denim,194,2022-10-11 06:24:21.031382,261.43,5
Puma,Shoes,Yellow,XS,Silk,101,2022-12-17 06:24:21.031382,138.34,0
Under Armour,T-shirt,White,S,Wool,103,2021-09-17 06:24:21.031382,137.34,2
New Balance,Jacket,Yellow,XXL,Nylon,133,2024-12-05 06:24:21.031382,159.4,1
Adidas,Jeans,Black,S,Wool,97,2023-05-20 06:24:21.031382,118.47,5
Under Armour,Jeans,Red,L,Denim,170,2024-06-15 06:24:21.031382,249.78,5
Puma,Shoes,Yellow,XS,Denim,157,2020-12-27 06:24:21.031382,206.22,3
Puma,Dress,Black,XL,Polyester,82,2020-12-18 06:24:21.031382,107.94,5
Under Armour,Jacket,Yellow,L,Nylon,97,2020-09-15 06:24:21.031382,137.0,3
Reebok,Jacket,Yellow,M,Cotton,23,2024-06-02 06:24:21.031382,27.69,1
Puma,Shoes,Blue,M,Silk,68,2022-10-03 06:24:21.031382,80.21,5
Reebok,Jeans,Yellow,XXL,Denim,91,2024-05-30 06:24:21.031382,122.81,4
New Balance,Shoes,Yellow,S,Nylon,130,2021-10-19 06:24:21.031382,188.9,3
New Balance,Shoes,Yellow,XS,Denim,126,2023-07-19 06:24:21.031382,168.05,2
Adidas,T-shirt,Yellow,XS,Nylon,193,2023-12-06 06:24:21.031382,249.9,3
Puma,T-shirt,Yellow,M,Cotton,74,2023-08-20 06:24:21.031382,104.69,4
Under Armour,Dress,Green,S,Wool,174,2021-12-14 06:24:21.031382,227.82,2
Reebok,Jeans,Green,S,Silk,35,2021-07-22 06:24:21.031382,39.04,4
Adidas,Jeans,Black,XS,Cotton,42,2024-02-20 06:24:21.031382,48.02,2
Nike,Sweater,White,XXL,Silk,180,2024-01-08 06:24:21.031382,235.02,5
Adidas,Shoes,Black,XS,Nylon,24,2023-03-17 06:24:21.031382,28.51,4
Reebok,Dress,Black,M,Silk,38,2024-09-04 06:24:21.031382,44.76,1
Puma,Jeans,Green,XXL,Wool,30,2021-10-20 06:24:21.031382,38.31,4
Puma,Sweater,White,XL,Polyester,78,2023-03-22 06:24:21.031382,91.12,1
Nike,Jacket,Black,S,Silk,32,2020-08-12 06:24:21.031382,40.83,4
Reebok,Shoes,Blue,XS,Polyester,132,2024-10-15 06:24:21.031382,152.6,2
Puma,Sweater,Red,XXL,Wool,93,2022-11-07 06:24:21.031382,120.4,2
Puma,Jeans,Blue,XXL,Cotton,145,2021-08-12 06:24:21.031382,176.97,5
Reebok,T-shirt,Red,S,Denim,71,2023-12-30 06:24:21.031382,94.73,5
Adidas,Dress,White,XXL,Silk,151,2020-12-08 06:24:21.031382,201.84,0
New Balance,Jacket,Red,XL,Silk,15,2024-07-15 06:24:21.031382,18.08,0
Under Armour,Shoes,Yellow,M,Silk,10,2023-10-24 06:24:21.031382,11.39,3
Adidas,T-shirt,Black,XL,Silk,146,2020-10-21 06:24:21.031382,176.6,4
Reebok,Dress,Red,M,Polyester,191,2022-03-23 06:24:21.031382,279.79,0
New Balance,Jacket,Yellow,S,Wool,149,2024-03-20 06:24:21.031382,179.73,4
Adidas,Jacket,Blue,L,Polyester,14,2022-08-07 06:24:21.031382,19.87,3
Puma,Shoes,Yellow,S,Nylon,177,2022-02-19 06:24:21.031382,230.18,1
New Balance,Shoes,Red,L,Nylon,102,2020-08-10 06:24:21.031382,116.96,3
New Balance,Jeans,Yellow,XXL,Cotton,183,2021-03-11 06:24:21.031382,202.85,3
Reebok,Sweater,Yellow,S,Cotton,36,2020-08-09 06:24:21.031382,40.74,2
Puma,Shoes,Blue,XXL,Silk,84,2023-05-20 06:24:21.031382,102.91,2
Puma,T-shirt,Blue,XL,Nylon,62,2024-08-02 06:24:21.031382,89.07,0
Puma,Shoes,White,M,Polyester,187,2024-04-10 06:24:21.031382,234.54,5
New Balance,Sweater,Red,S,Wool,61,2023-05-08 06:24:21.031382,85.36,5
Adidas,Jeans,White,XXL,Nylon,115,2022-06-29 06:24:21.031382,128.4,4
Under Armour,Jeans,White,XS,Nylon,28,2023-07-08 06:24:21.031382,32.94,2
Nike,T-shirt,Yellow,M,Polyester,127,2021-01-19 06:24:21.031382,174.03,0
Under Armour,Jacket,Green,XL,Nylon,44,2022-12-18 06:24:21.031382,57.0,5
Nike,Dress,Yellow,S,Denim,61,2020-11-24 06:24:21.031382,90.99,0
Reebok,Jacket,Red,XXL,Polyester,168,2025-05-21 06:24:21.031382,241.95,4
Under Armour,Sweater,Green,M,Denim,191,2023-08-30 06:24:21.031382,278.87,3
New Balance,Shoes,White,XS,Polyester,68,2024-04-20 06:24:21.031382,75.8,2
Nike,T-shirt,Yellow,M,Polyester,181,2024-08-26 06:24:21.031382,213.44,2
Puma,Jeans,Blue,S,Polyester,65,2021-02-12 06:24:21.031382,90.72,1
Reebok,Shoes,Red,XS,Nylon,28,2023-03-17 06:24:21.031382,31.98,4
Under Armour,Jacket,Yellow,S,Nylon,183,2024-09-02 06:24:21.031382,222.52,2
Adidas,T-shirt,Blue,L,Wool,97,2023-07-24 06:24:21.031382,126.02,1
Reebok,Dress,Red,M,Cotton,80,2025-01-22 06:24:21.031382,113.02,4
Puma,Shoes,Green,XXL,Denim,63,2023-11-15 06:24:21.031382,88.92,5
Puma,Jeans,Green,XS,Wool,58,2024-07-09 06:24:21.031382,85.29,0
New Balance,Jacket,Red,S,Denim,104,2022-12-17 06:24:21.031382,119.91,5
Puma,Jeans,White,L,Polyester,69,2022-01-01 06:24:21.031382,102.48,3
Nike,Sweater,Blue,S,Silk,90,2025-05-08 06:24:21.031382,131.63,2
Under Armour,Dress,Green,S,Wool,164,2023-05-26 06:24:21.031382,212.03,5
Reebok,Shoes,White,M,Silk,134,2024-02-16 06:24:21.031382,164.27,3
Under Armour,Dress,Red,M,Silk,173,2021-03-19 06:24:21.031382,201.97,2
New Balance,Dress,Yellow,L,Denim,68,2021-01-26 06:24:21.031382,76.43,0
Under Armour,Sweater,Red,XXL,Denim,187,2022-06-29 06:24:21.031382,262.43,1
Nike,Jacket,Red,M,Nylon,116,2023-12-06 06:24:21.031382,170.88,3
Nike,Shoes,Red,XS,Polyester,54,2021-12-02 06:24:21.031382,61.16,4
Puma,Jacket,Blue,XXL,Cotton,23,2020-07-31 06:24:21.031382,27.89,2
Under Armour,Jacket,Black,L,Denim,131,2023-10-13 06:24:21.031382,144.75,5
New Balance,Jacket,White,M,Cotton,80,2022-11-03 06:24:21.031382,89.72,5
Nike,Jacket,Yellow,XXL,Cotton,48,2023-09-15 06:24:21.031382,52.97,0
New Balance,T-shirt,Blue,XL,Cotton,177,2024-05-24 06:24:21.031382,220.7,2
Puma,Sweater,Red,XS,Cotton,146,2023-03-21 06:24:21.031382,204.19,3
Reebok,Dress,Yellow,S,Silk,23,2023-01-08 06:24:21.031382,28.14,0
Nike,Jacket,Blue,XS,Silk,145,2021-06-28 06:24:21.031382,194.87,1
Nike,Jacket,Green,XS,Silk,32,2023-02-20 06:24:21.031382,44.04,3
Reebok,Dress,Yellow,XXL,Polyester,89,2025-06-25 06:24:21.031382,111.34,1
Reebok,Dress,White,XS,Wool,18,2022-02-25 06:24:21.031382,19.9,0
Nike,T-shirt,Black,XL,Denim,16,2023-10-03 06:24:21.031382,22.65,2
Reebok,Sweater,Black,XS,Nylon,70,2024-12-10 06:24:21.031382,82.57,5
Reebok,Jeans,Yellow,XL,Silk,154,2023-12-20 06:24:21.031382,187.54,3
Puma,Shoes,Yellow,XL,Polyester,66,2021-08-31 06:24:21.031382,91.5,1
Nike,T-shirt,White,M,Polyester,124,2022-12-29 06:24:21.031382,151.94,1
Reebok,Jeans,Red,XL,Denim,161,2025-04-23 06:24:21.031382,190.07,2
Puma,T-shirt,Red,XL,Nylon,34,2021-07-04 06:24:21.031382,45.36,2
Nike,Sweater,White,XXL,Cotton,14,2023-06-08 06:24:21.031382,20.86,0
Nike,Sweater,Red,XXL,Polyester,110,2020-09-13 06:24:21.031382,149.14,5
Nike,Jeans,Yellow,L,Wool,59,2023-02-28 06:24:21.031382,73.24,5
Reebok,Jacket,Black,XL,Wool,97,2024-10-21 06:24:21.031382,118.88,1
Reebok,Shoes,Green,XXL,Wool,40,2024-07-26 06:24:21.031382,51.98,1
Under Armour,Jacket,Black,XS,Polyester,64,2023-11-15 06:24:21.031382,70.47,4
Puma,Jacket,Red,S,Polyester,163,2025-01-10 06:24:21.031382,190.85,0
Under Armour,Jeans,Blue,XL,Denim,30,2025-05-12 06:24:21.031382,34.17,5
New Balance,Jacket,Black,XL,Polyester,107,2024-02-05 06:24:21.031382,118.21,1
Puma,Dress,Red,M,Polyester,111,2024-01-22 06:24:21.031382,153.69,2
Adidas,Dress,White,XXL,Wool,195,2022-01-17 06:24:21.031382,278.54,4
Under Armour,Sweater,Yellow,M,Denim,161,2025-05-17 06:24:21.031382,192.43,0
New Balance,Jeans,White,XS,Nylon,165,2023-11-12 06:24:21.031382,187.23,3
Nike,Jacket,Green,L,Nylon,39,2021-04-11 06:24:21.031382,56.33,1
New Balance,Dress,Blue,XXL,Polyester,171,2024-01-17 06:24:21.031382,229.46,3
Adidas,Jacket,Black,XL,Wool,125,2024-01-28 06:24:21.031382,185.51,2
Adidas,Shoes,Red,S,Denim,63,2021-05-27 06:24:21.031382,93.98,5
Adidas,T-shirt,Black,XL,Nylon,129,2021-01-15 06:24:21.031382,182.17,3
Puma,Jacket,Green,XXL,Wool,189,2024-07-14 06:24:21.031382,244.32,4
Reebok,Sweater,Blue,L,Polyester,96,2022-07-25 06:24:21.031382,118.27,0
Reebok,T-shirt,Black,XXL,Polyester,17,2025-01-26 06:24:21.031382,23.15,2
Adidas,Jeans,Green,L,Silk,115,2021-04-29 06:24:21.031382,146.04,0
Reebok,Jacket,Blue,XXL,Polyester,147,2025-04-16 06:24:21.031382,185.24,3
New Balance,Jacket,Black,S,Wool,192,2024-07-11 06:24:21.031382,211.7,5
Nike,T-shirt,Red,XS,Polyester,138,2024-10-09 06:24:21.031382,206.41,2
Reebok,Sweater,Green,XL,Cotton,93,2023-09-30 06:24:21.031382,123.91,3
Puma,Sweater,Red,XL,Silk,130,2022-02-27 06:24:21.031382,145.3,0
Adidas,Sweater,Green,M,Polyester,174,2024-03-11 06:24:21.031382,213.03,5
Under Armour,Shoes,Red,XS,Polyester,158,2024-10-25 06:24:21.031382,216.98,4
Nike,Jeans,White,S,Silk,127,2024-09-05 06:24:21.031382,179.78,2
Under Armour,T-shirt,Red,XL,Cotton,13,2021-11-04 06:24:21.031382,19.5,1
Adidas,Dress,White,XXL,Denim,136,2021-06-10 06:24:21.031382,156.74,1
New Balance,Jeans,Black,XXL,Silk,52,2022-09-21 06:24:21.031382,64.31,3
Adidas,Sweater,Black,XXL,Wool,75,2021-09-28 06:24:21.031382,108.57,1
Under Armour,Sweater,Red,L,Wool,30,2020-10-01 06:24:21.031382,36.92,0
Adidas,Jacket,Green,XS,Cotton,46,2023-08-11 06:24:21.031382,62.05,0
Adidas,Shoes,Black,L,Polyester,78,2024-11-19 06:24:21.031382,105.28,0
Adidas,Shoes,Black,XXL,Silk,122,2022-06-26 06:24:21.031382,167.86,3
Reebok,Jeans,Red,L,Nylon,185,2022-04-08 06:24:21.031382,206.49,2
New Balance,T-shirt,Green,XL,Cotton,148,2025-04-24 06:24:21.031382,174.64,1
Reebok,Sweater,Red,S,Silk,114,2023-03-04 06:24:21.031382,128.8,2
Puma,Dress,Yellow,S,Silk,101,2021-04-30 06:24:21.031382,119.86,1
Under Armour,Jacket,Red,S,Cotton,53,2024-01-09 06:24:21.031382,60.73,4
Nike,T-shirt,Green,XL,Nylon,73,2024-03-23 06:24:21.031382,80.44,3
Under Armour,T-shirt,Black,XXL,Wool,169,2024-09-06 06:24:21.031382,221.38,1
Under Armour,Shoes,Black,M,Denim,158,2025-02-07 06:24:21.031382,225.79,5
Puma,T-shirt,Blue,S,Denim,19,2021-12-04 06:24:21.031382,27.0,5
New Balance,Shoes,Red,L,Wool,198,2021-10-10 06:24:21.031382,222.48,5
Reebok,Shoes,Black,L,Polyester,101,2023-04-06 06:24:21.031382,116.63,1
Nike,Shoes,Yellow,XXL,Denim,121,2023-05-19 06:24:21.031382,174.56,0
Nike,Jacket,Black,M,Denim,173,2024-10-14 06:24:21.031382,209.7,1
Puma,Dress,White,XS,Polyester,93,2025-03-28 06:24:21.031382,130.88,2
Adidas,Sweater,White,XL,Denim,86,2022-10-08 06:24:21.031382,103.43,0
Under Armour,Jacket,Yellow,XL,Wool,28,2024-09-23 06:24:21.031382,33.04,3
Under Armour,Jacket,Black,L,Nylon,123,2020-08-25 06:24:21.031382,148.75,0
Nike,Dress,Black,S,Cotton,84,2021-06-27 06:24:21.031382,104.58,1
Under Armour,T-shirt,Green,S,Silk,181,2024-01-23 06:24:21.031382,223.84,5
Nike,Sweater,Black,M,Polyester,141,2024-02-24 06:24:21.031382,170.95,4
Reebok,Jeans,Yellow,XS,Wool,150,2021-06-24 06:24:21.031382,179.81,4
Reebok,T-shirt,Green,S,Denim,68,2024-07-16 06:24:21.031382,81.24,2
Nike,Shoes,Black,S,Silk,139,2021-09-09 06:24:21.031382,192.26,4
Puma,T-shirt,Green,L,Cotton,123,2022-04-06 06:24:21.031382,148.2,3
Under Armour,Dress,White,XXL,Cotton,138,2024-04-18 06:24:21.031382,194.14,3
New Balance,Jeans,White,S,Polyester,49,2021-05-22 06:24:21.031382,62.92,5
New Balance,Sweater,Black,XL,Polyester,34,2023-11-15 06:24:21.031382,42.75,0
Nike,Sweater,Blue,S,Denim,196,2021-10-01 06:24:21.031382,287.95,0
Puma,Sweater,White,S,Nylon,46,2022-01-28 06:24:21.031382,55.54,2
New Balance,Dress,Green,XS,Cotton,109,2022-10-17 06:24:21.031382,143.81,0
New Balance,Shoes,Yellow,XL,Wool,79,2022-08-14 06:24:21.031382,100.13,2
Reebok,Jeans,Blue,M,Denim,144,2021-04-17 06:24:21.031382,212.5,0
Under Armour,Jeans,Black,XL,Cotton,13,2024-06-10 06:24:21.031382,15.75,4
Under Armour,T-shirt,Black,M,Denim,131,2024-07-11 06:24:21.031382,171.45,2
Reebok,Shoes,Blue,XS,Cotton,178,2023-03-18 06:24:21.031382,209.17,3
Adidas,Jacket,Red,XS,Nylon,198,2022-04-14 06:24:21.031382,236.35,2
Nike,Jeans,Blue,XXL,Denim,171,2022-12-24 06:24:21.031382,205.11,0
Puma,Sweater,Yellow,XXL,Denim,38,2024-09-19 06:24:21.031382,43.44,2
Puma,Sweater,Black,L,Cotton,78,2022-01-24 06:24:21.031382,97.81,5
New Balance,Jacket,Green,XS,Denim,36,2023-05-13 06:24:21.031382,51.5,0
New Balance,Jacket,White,S,Wool,119,2021-08-03 06:24:21.031382,150.7,4
Adidas,T-shirt,Red,XL,Nylon,189,2022-04-19 06:24:21.031382,231.76,5
Puma,T-shirt,Green,M,Cotton,191,2024-12-19 06:24:21.031382,222.57,3
Puma,Dress,Blue,XL,Polyester,171,2020-12-06 06:24:21.031382,213.89,0
Under Armour,Shoes,Black,XL,Silk,145,2021-01-02 06:24:21.031382,185.32,3
Nike,Sweater,Yellow,XL,Cotton,135,2021-01-04 06:24:21.031382,152.38,3
Under Armour,Dress,Blue,XL,Wool,104,2024-04-11 06:24:21.031382,120.76,0
Reebok,Sweater,Blue,XL,Wool,82,2023-03-04 06:24:21.031382,122.79,1
New Balance,Dress,Green,XXL,Polyester,94,2025-05-04 06:24:21.031382,139.32,5
Under Armour,T-shirt,Green,XS,Cotton,145,2024-10-21 06:24:21.031382,191.14,0
Adidas,Jeans,Black,XXL,Cotton,118,2024-06-26 06:24:21.031382,163.1,0
Nike,Shoes,Green,XL,Cotton,77,2023-04-12 06:24:21.031382,112.13,0
Adidas,Jacket,Red,XL,Wool,112,2024-01-10 06:24:21.031382,143.6,5
Nike,Sweater,Black,M,Nylon,94,2022-05-10 06:24:21.031382,136.36,5
Nike,Shoes,Yellow,XL,Nylon,81,2023-11-20 06:24:21.031382,94.16,0
Nike,T-shirt,Red,XL,Polyester,93,2025-02-06 06:24:21.031382,120.19,0
Puma,T-shirt,Blue,XXL,Wool,10,2021-06-04 06:24:21.031382,13.72,2
New Balance,T-shirt,White,XL,Silk,143,2022-02-11 06:24:21.031382,185.63,2
Under Armour,Dress,Green,S,Denim,101,2022-08-25 06:24:21.031382,136.37,5
Puma,Shoes,Yellow,XXL,Polyester,117,2020-09-22 06:24:21.031382,139.84,2
New Balance,Jacket,Black,S,Nylon,168,2020-08-22 06:24:21.031382,201.78,0
Puma,T-shirt,Green,S,Silk,17,2024-08-28 06:24:21.031382,25.34,1
Under Armour,Dress,Red,XL,Polyester,159,2024-01-23 06:24:21.031382,180.15,2
Adidas,T-shirt,Blue,XS,Polyester,146,2023-04-06 06:24:21.031382,184.78,0
New Balance,Dress,Blue,S,Wool,181,2020-10-30 06:24:21.031382,236.28,5
Nike,Shoes,Green,L,Cotton,56,2024-01-18 06:24:21.031382,68.12,4
Adidas,Jeans,Black,S,Nylon,10,2023-06-21 06:24:21.031382,12.58,3
Adidas,Dress,Black,M,Nylon,114,2024-01-27 06:24:21.031382,160.54,1
New Balance,Sweater,Green,XS,Cotton,189,2024-06-21 06:24:21.031382,261.92,5
Reebok,Jacket,White,XXL,Silk,48,2024-11-10 06:24:21.031382,57.09,5
New Balance,Dress,Green,M,Silk,99,2022-03-12 06:24:21.031382,129.63,1
Puma,Jacket,Green,M,Silk,84,2024-11-16 06:24:21.031382,99.39,4
Nike,Dress,White,S,Cotton,133,2021-09-23 06:24:21.031382,153.59,4
Under Armour,Jacket,Yellow,M,Wool,97,2025-03-11 06:24:21.031382,120.16,3
Adidas,Shoes,Green,M,Wool,106,2021-02-06 06:24:21.031382,119.33,2
Reebok,Jeans,Yellow,XS,Denim,93,2023-02-26 06:24:21.031382,113.85,5
Reebok,Sweater,Red,S,Polyester,36,2023-06-12 06:24:21.031382,45.41,5
Adidas,Sweater,Green,XS,Nylon,42,2023-05-26 06:24:21.031382,55.59,5
New Balance,Sweater,Green,XL,Cotton,125,2022-06-25 06:24:21.031382,187.48,1
New Balance,Dress,Black,S,Wool,107,2024-10-20 06:24:21.031382,134.72,1
New Balance,Sweater,Green,M,Nylon,182,2023-11-18 06:24:21.031382,260.13,1
Adidas,T-shirt,White,XXL,Denim,69,2022-12-03 06:24:21.031382,98.65,3
New Balance,T-shirt,Yellow,S,Silk,67,2025-06-24 06:24:21.031382,92.59,5
Reebok,Sweater,White,XXL,Cotton,188,2024-01-02 06:24:21.031382,243.64,1
Puma,Shoes,Yellow,S,Nylon,183,2023-09-12 06:24:21.031382,214.62,3
New Balance,Sweater,Green,XL,Wool,142,2024-07-13 06:24:21.031382,160.34,4
Reebok,Dress,Yellow,XS,Silk,195,2022-06-02 06:24:21.031382,268.78,5
Reebok,Sweater,Green,S,Denim,103,2025-03-22 06:24:21.031382,113.41,2
Reebok,Jacket,White,XXL,Polyester,101,2024-02-28 06:24:21.031382,151.48,4
Puma,Shoes,Red,S,Polyester,155,2022-04-28 06:24:21.031382,192.23,4
Puma,Jeans,Yellow,XXL,Polyester,173,2024-02-10 06:24:21.031382,256.11,4
New Balance,Dress,Yellow,L,Wool,158,2023-04-24 06:24:21.031382,190.89,4
Puma,Dress,Yellow,S,Cotton,183,2022-04-30 06:24:21.031382,217.67,1
Under Armour,T-shirt,Yellow,XS,Denim,195,2021-02-22 06:24:21.031382,218.64,5
Under Armour,Dress,Green,L,Denim,129,2024-12-03 06:24:21.031382,187.69,2
Under Armour,Dress,Green,XXL,Denim,174,2021-05-04 06:24:21.031382,193.56,1
Under Armour,Jeans,Red,M,Nylon,115,2023-10-12 06:24:21.031382,139.82,0
Nike,Shoes,Green,M,Wool,14,2024-05-09 06:24:21.031382,19.19,5
Nike,Jacket,White,S,Nylon,168,2024-10-16 06:24:21.031382,246.43,0
New Balance,Jeans,Yellow,XS,Wool,119,2024-08-17 06:24:21.031382,166.49,5
Nike,Shoes,Red,S,Silk,97,2025-03-20 06:24:21.031382,142.33,5
Adidas,Shoes,Blue,M,Wool,173,2023-07-20 06:24:21.031382,194.41,4
Nike,Shoes,White,S,Polyester,83,2025-07-02 06:24:21.031382,111.16,1
New Balance,Jacket,Black,S,Cotton,193,2022-02-19 06:24:21.031382,247.56,0
Adidas,T-shirt,Red,M,Nylon,36,2024-07-20 06:24:21.031382,49.61,2
Reebok,Shoes,Black,M,Silk,128,2025-02-27 06:24:21.031382,189.1,0
Nike,Jeans,Yellow,L,Polyester,32,2020-12-13 06:24:21.031382,41.75,1
Puma,Jeans,Blue,L,Denim,108,2023-09-04 06:24:21.031382,121.93,0
New Balance,Jeans,Black,XS,Silk,100,2021-08-23 06:24:21.031382,127.24,4
Under Armour,Sweater,White,XXL,Nylon,61,2022-03-22 06:24:21.031382,79.95,4
Adidas,Sweater,Red,XXL,Wool,56,2022-09-28 06:24:21.031382,66.87,5
New Balance,Shoes,Green,XS,Cotton,71,2021-10-23 06:24:21.031382,83.08,0
Reebok,Jeans,White,M,Polyester,198,2021-06-09 06:24:21.031382,259.45,0
Nike,Dress,Black,XS,Cotton,57,2022-07-23 06:24:21.031382,77.41,0
Under Armour,T-shirt,Green,XS,Nylon,114,2021-04-25 06:24:21.031382,135.86,2
Puma,Dress,Black,L,Denim,138,2022-05-06 06:24:21.031382,160.42,4
Reebok,T-shirt,Yellow,M,Silk,148,2022-04-04 06:24:21.031382,198.94,4
New Balance,Shoes,Green,L,Cotton,151,2024-07-21 06:24:21.031382,214.74,0
Puma,T-shirt,Blue,S,Silk,81,2022-09-07 06:24:21.031382,112.33,3
Nike,Sweater,White,M,Cotton,104,2025-05-25 06:24:21.031382,139.74,1
Adidas,T-shirt,Red,XL,Nylon,16,2021-10-13 06:24:21.031382,22.87,5
Reebok,Jeans,Blue,XS,Denim,183,2024-10-10 06:24:21.031382,217.96,2
Nike,Jeans,Black,XS,Silk,168,2023-04-27 06:24:21.031382,189.42,5
Nike,Shoes,Black,M,Cotton,25,2020-12-31 06:24:21.031382,37.2,0
Adidas,Shoes,Blue,XL,Cotton,179,2025-01-18 06:24:21.031382,209.1,3
Adidas,T-shirt,Black,XXL,Nylon,176,2021-03-14 06:24:21.031382,250.32,5
Nike,Sweater,Yellow,M,Silk,63,2024-04-04 06:24:21.031382,82.94,3
Adidas,Dress,Red,XS,Cotton,181,2024-05-13 06:24:21.031382,254.62,2
Reebok,Sweater,White,XXL,Denim,92,2022-06-11 06:24:21.031382,128.49,5
Adidas,Sweater,Yellow,XS,Polyester,145,2021-02-10 06:24:21.031382,167.24,5
Reebok,Dress,Green,M,Nylon,75,2023-12-07 06:24:21.031382,84.46,5
Nike,Jeans,Red,XXL,Cotton,179,2021-10-24 06:24:21.031382,221.05,2
Under Armour,Shoes,Red,S,Nylon,76,2023-02-02 06:24:21.031382,85.95,0
Nike,Jacket,Black,L,Wool,124,2021-05-07 06:24:21.031382,166.26,4
New Balance,Sweater,White,M,Cotton,102,2023-07-21 06:24:21.031382,120.26,3
Nike,Jeans,Green,S,Polyester,88,2022-09-27 06:24:21.031382,121.92,3
Nike,T-shirt,White,XL,Denim,110,2021-08-08 06:24:21.031382,137.59,4
Reebok,Sweater,Blue,XS,Wool,169,2023-04-30 06:24:21.031382,192.5,1
Under Armour,Sweater,White,XS,Nylon,188,2021-08-20 06:24:21.031382,227.31,5
Adidas,T-shirt,Green,M,Denim,184,2024-12-31 06:24:21.031382,257.09,2
Puma,Jacket,Blue,XL,Silk,103,2024-07-31 06:24:21.031382,133.93,3
Reebok,Jacket,White,M,Silk,124,2023-06-21 06:24:21.031382,185.12,1
Nike,Dress,White,L,Nylon,171,2022-09-01 06:24:21.031382,201.36,4
New Balance,Shoes,Green,M,Silk,22,2025-04-25 06:24:21.031382,31.46,0
Nike,T-shirt,Green,XS,Silk,90,2024-07-24 06:24:21.031382,104.27,5
Puma,Jeans,Blue,XS,Polyester,76,2025-01-26 06:24:21.031382,89.4,4
Adidas,Jeans,Yellow,XXL,Wool,135,2022-10-29 06:24:21.031382,172.82,5
Under Armour,Jacket,Black,S,Cotton,148,2024-06-14 06:24:21.031382,207.49,5
New Balance,Dress,White,L,Wool,122,2022-09-02 06:24:21.031382,162.15,1
Nike,Shoes,Black,XXL,Nylon,165,2022-11-21 06:24:21.031382,182.81,5
Puma,Dress,Black,XXL,Polyester,194,2020-11-10 06:24:21.031382,238.98,3
New Balance,Jeans,Blue,XXL,Denim,130,2021-11-27 06:24:21.031382,166.6,4
New Balance,Shoes,White,S,Nylon,75,2022-02-17 06:24:21.031382,104.7,2
Nike,Shoes,White,L,Wool,98,2024-04-14 06:24:21.031382,131.71,3
Puma,Dress,Black,XS,Polyester,44,2020-12-14 06:24:21.031382,52.01,2
Adidas,Shoes,White,XXL,Polyester,13,2021-05-24 06:24:21.031382,16.42,1
Puma,Jacket,White,XXL,Wool,198,2023-02-02 06:24:21.031382,294.88,0
Nike,Jacket,Red,XXL,Denim,175,2023-10-11 06:24:21.031382,196.5,2
Reebok,Dress,Green,M,Cotton,181,2023-01-09 06:24:21.031382,248.89,0
New Balance,Jacket,Blue,XS,Denim,98,2023-07-23 06:24:21.031382,124.43,1
Adidas,Shoes,Blue,S,Denim,80,2021-05-11 06:24:21.031382,104.08,1
Puma,Jacket,Red,S,Wool,158,2021-01-14 06:24:21.031382,176.14,5
Reebok,Dress,Green,M,Polyester,144,2024-10-04 06:24:21.031382,159.0,3
Under Armour,Jacket,Black,XXL,Polyester,38,2022-08-13 06:24:21.031382,52.37,1
Under Armour,T-shirt,Blue,XL,Cotton,125,2024-03-03 06:24:21.031382,151.96,0
Puma,Jacket,Blue,XS,Cotton,144,2022-10-26 06:24:21.031382,197.09,1
Adidas,Sweater,Blue,S,Nylon,76,2022-03-19 06:24:21.031382,97.03,5
Nike,Jeans,Blue,XL,Nylon,102,2022-03-11 06:24:21.031382,120.49,3
Under Armour,T-shirt,Blue,XL,Polyester,112,2023-06-01 06:24:21.031382,155.23,4
Reebok,Dress,Blue,XS,Nylon,111,2024-10-30 06:24:21.031382,132.75,1
Reebok,Jeans,Red,S,Cotton,133,2024-03-28 06:24:21.031382,165.04,0
Reebok,Sweater,Blue,XL,Denim,119,2022-03-12 06:24:21.031382,157.68,2
Under Armour,Jeans,Yellow,S,Nylon,83,2021-10-14 06:24:21.031382,117.41,0
Puma,Jacket,Green,XL,Nylon,110,2024-08-23 06:24:21.031382,160.12,0
New Balance,Jeans,Green,XS,Polyester,192,2020-12-29 06:24:21.031382,240.29,3
Under Armour,Dress,White,XS,Wool,87,2025-06-10 06:24:21.031382,100.91,4
Adidas,Jacket,Black,S,Wool,159,2022-07-17 06:24:21.031382,176.38,0
Adidas,Jacket,White,XS,Silk,169,2020-12-02 06:24:21.031382,236.65,0
Puma,Sweater,Blue,L,Silk,91,2023-01-25 06:24:21.031382,132.79,0
Reebok,Shoes,White,XS,Denim,45,2021-01-22 06:24:21.031382,60.78,1
Under Armour,Jeans,Blue,M,Polyester,146,2024-11-06 06:24:21.031382,198.94,1
Puma,Shoes,Red,XS,Polyester,35,2020-10-04 06:24:21.031382,47.11,5
New Balance,Sweater,Yellow,S,Denim,31,2020-08-04 06:24:21.031382,34.62,1
Nike,Jacket,Green,XXL,Wool,183,2024-01-12 06:24:21.031382,261.88,4
Adidas,Jacket,Green,XL,Polyester,154,2020-09-02 06:24:21.031382,171.25,3
Nike,Sweater,Black,L,Cotton,163,2023-04-21 06:24:21.031382,193.04,0
Nike,Jacket,Blue,S,Polyester,129,2023-04-02 06:24:21.031382,149.64,5
New Balance,Shoes,Red,S,Nylon,175,2025-06-04 06:24:21.031382,201.66,0
Under Armour,Shoes,Black,XL,Polyester,137,2023-04-03 06:24:21.031382,158.76,5
New Balance,Jeans,Black,XL,Wool,139,2025-01-03 06:24:21.031382,188.61,3
Puma,T-shirt,Black,M,Cotton,143,2022-08-29 06:24:21.031382,191.77,3
Nike,Shoes,Red,S,Silk,150,2024-08-17 06:24:21.031382,213.97,3
Nike,Sweater,Red,L,Cotton,100,2025-01-07 06:24:21.031382,137.32,5
Reebok,Dress,Blue,M,Cotton,84,2024-11-29 06:24:21.031382,110.38,3
Reebok,T-shirt,Red,M,Nylon,192,2021-08-14 06:24:21.031382,260.76,5
Nike,Dress,Black,L,Cotton,88,2022-02-22 06:24:21.031382,104.98,0
Under Armour,Jacket,Blue,XL,Polyester,72,2023-09-14 06:24:21.031382,95.93,1
Nike,T-shirt,Black,XL,Wool,82,2024-10-18 06:24:21.031382,121.85,2
Adidas,Jacket,Black,S,Cotton,55,2022-06-30 06:24:21.031382,74.02,1
Puma,Jacket,Green,M,Cotton,143,2023-12-16 06:24:21.031382,201.99,4
Under Armour,Shoes,Red,L,Polyester,57,2023-04-22 06:24:21.031382,80.54,2
New Balance,Sweater,White,L,Denim,197,2020-12-25 06:24:21.031382,228.17,1
Reebok,Dress,Green,L,Cotton,180,2020-12-16 06:24:21.031382,228.31,3
New Balance,Shoes,Green,M,Silk,148,2025-04-04 06:24:21.031382,168.81,1
Puma,Jeans,White,XS,Cotton,67,2021-06-09 06:24:21.031382,97.4,3
Adidas,Sweater,Black,XS,Cotton,99,2022-02-23 06:24:21.031382,120.53,3
Under Armour,Sweater,White,S,Cotton,141,2025-02-26 06:24:21.031382,162.97,5
Under Armour,Dress,Red,XXL,Silk,135,2020-08-13 06:24:21.031382,150.09,2
Under Armour,Sweater,Black,M,Silk,92,2020-07-24 06:24:21.031382,127.86,4
Reebok,Dress,Yellow,XXL,Silk,196,2022-01-18 06:24:21.031382,249.17,1
New Balance,Sweater,Black,M,Silk,142,2020-11-17 06:24:21.031382,175.2,3
Puma,T-shirt,Black,XS,Cotton,27,2021-10-28 06:24:21.031382,35.63,1
Adidas,Dress,Red,XL,Polyester,104,2022-02-01 06:24:21.031382,137.13,1
New Balance,Jeans,Black,XS,Wool,162,2021-06-15 06:24:21.031382,201.97,0
Nike,Shoes,White,XXL,Wool,141,2025-01-26 06:24:21.031382,174.95,2
Nike,Sweater,Black,M,Cotton,79,2023-11-18 06:24:21.031382,113.92,4
Nike,Shoes,Green,XXL,Nylon,178,2020-12-07 06:24:21.031382,215.34,1
Puma,T-shirt,White,L,Wool,174,2021-05-11 06:24:21.031382,206.06,3
Under Armour,Shoes,White,M,Silk,68,2022-09-26 06:24:21.031382,77.35,0
Adidas,Jeans,Black,S,Nylon,187,2025-05-09 06:24:21.031382,213.31,0
New Balance,Sweater,Red,XS,Polyester,193,2024-02-11 06:24:21.031382,217.37,5
Reebok,Sweater,Green,S,Denim,162,2021-07-07 06:24:21.031382,211.5,4
New Balance,Shoes,White,XS,Nylon,171,2024-10-19 06:24:21.031382,239.25,5
Under Armour,Shoes,Blue,XS,Polyester,156,2021-07-04 06:24:21.031382,197.95,3
Reebok,Shoes,White,S,Nylon,107,2023-07-13 06:24:21.031382,119.99,1
Under Armour,Jacket,Blue,S,Wool,145,2022-07-10 06:24:21.031382,169.33,1
Nike,Sweater,Black,L,Silk,191,2024-07-18 06:24:21.031382,254.4,2
Under Armour,Jeans,Green,XXL,Polyester,56,2020-08-07 06:24:21.031382,74.93,3
Nike,Jeans,Yellow,S,Polyester,137,2023-02-28 06:24:21.031382,157.72,3
Nike,T-shirt,White,XL,Nylon,171,2021-08-23 06:24:21.031382,234.46,2
Adidas,Jacket,Blue,M,Silk,91,2022-12-12 06:24:21.031382,110.66,5
Adidas,T-shirt,White,XXL,Cotton,167,2021-07-15 06:24:21.031382,192.5,0
New Balance,T-shirt,Green,L,Polyester,22,2023-09-06 06:24:21.031382,29.13,0
Reebok,Sweater,White,XS,Silk,128,2024-07-19 06:24:21.031382,177.28,2
Reebok,T-shirt,Blue,XXL,Cotton,56,2022-10-28 06:24:21.031382,74.59,1
Puma,Dress,White,XL,Polyester,128,2021-07-07 06:24:21.031382,178.42,0
Puma,Jacket,Green,S,Silk,42,2020-08-08 06:24:21.031382,59.4,0
Reebok,Sweater,Black,S,Denim,44,2020-12-02 06:24:21.031382,55.75,5
Adidas,Dress,Green,XL,Polyester,125,2023-04-30 06:24:21.031382,152.79,4
Nike,Jeans,Green,M,Wool,97,2025-06-24 06:24:21.031382,133.24,1
Puma,Jacket,Red,XL,Silk,134,2020-08-07 06:24:21.031382,166.86,5
Adidas,Jeans,Black,XS,Nylon,163,2025-07-05 06:24:21.031382,228.56,2
Nike,Shoes,White,XXL,Nylon,184,2024-10-31 06:24:21.031382,233.21,4
New Balance,Jeans,Yellow,XL,Denim,117,2021-09-04 06:24:21.031382,160.18,2
Puma,Sweater,White,XXL,Cotton,62,2024-10-13 06:24:21.031382,88.9,0
Adidas,Dress,White,L,Wool,120,2022-08-26 06:24:21.031382,150.67,0
Reebok,Jacket,Blue,XL,Denim,74,2024-03-10 06:24:21.031382,108.59,4
Adidas,Sweater,Green,XL,Cotton,86,2023-07-13 06:24:21.031382,115.31,0
New Balance,T-shirt,Green,XS,Nylon,128,2025-03-19 06:24:21.031382,172.72,0
Puma,Jacket,Black,XS,Silk,83,2024-11-15 06:24:21.031382,107.44,2
Nike,Sweater,Red,M,Denim,156,2023-11-13 06:24:21.031382,201.21,3
Puma,Jacket,White,XS,Wool,14,2020-12-15 06:24:21.031382,19.92,5
Under Armour,Jacket,Blue,XS,Polyester,17,2023-07-03 06:24:21.031382,24.84,5
New Balance,Sweater,Yellow,XS,Denim,141,2021-11-18 06:24:21.031382,201.96,0
Reebok,Jeans,Green,XL,Denim,58,2024-03-08 06:24:21.031382,67.96,0
Under Armour,Jeans,Red,XL,Polyester,86,2021-02-12 06:24:21.031382,115.28,1
Puma,Sweater,Blue,XS,Silk,47,2021-04-13 06:24:21.031382,60.31,5
Puma,Jacket,Blue,S,Nylon,126,2022-04-01 06:24:21.031382,156.2,2
Adidas,Jeans,Yellow,XS,Denim,58,2024-01-28 06:24:21.031382,69.99,1
Adidas,Dress,Black,XS,Denim,119,2022-06-20 06:24:21.031382,141.58,0
Under Armour,T-shirt,White,XXL,Cotton,189,2022-11-30 06:24:21.031382,228.2,3
New Balance,T-shirt,Blue,M,Nylon,59,2022-12-11 06:24:21.031382,78.2,1
Adidas,Dress,Blue,XS,Silk,81,2022-04-15 06:24:21.031382,100.88,3
Adidas,Dress,White,XS,Nylon,100,2023-07-06 06:24:21.031382,123.58,4
Under Armour,Dress,Yellow,XXL,Cotton,187,2024-10-28 06:24:21.031382,225.16,0
Adidas,Jacket,White,M,Cotton,39,2022-05-05 06:24:21.031382,44.83,5
Under Armour,Jeans,Green,XS,Wool,13,2020-11-10 06:24:21.031382,16.51,1
Nike,Dress,Black,XS,Denim,84,2023-05-20 06:24:21.031382,116.65,1
Under Armour,Sweater,Yellow,L,Wool,94,2024-02-23 06:24:21.031382,128.36,1
Adidas,Shoes,Green,XXL,Wool,75,2023-10-19 06:24:21.031382,95.44,3
New Balance,T-shirt,Yellow,M,Denim,129,2024-09-02 06:24:21.031382,187.7,4
Reebok,T-shirt,White,M,Nylon,30,2023-08-17 06:24:21.031382,34.92,0
Reebok,Dress,White,L,Denim,52,2021-08-10 06:24:21.031382,76.9,2
Under Armour,Jeans,Yellow,M,Polyester,38,2025-02-20 06:24:21.031382,46.23,5
New Balance,Dress,White,XXL,Nylon,164,2025-02-15 06:24:21.031382,227.32,5
Reebok,Sweater,Yellow,S,Denim,97,2024-02-28 06:24:21.031382,130.73,5
New Balance,Dress,Red,XL,Cotton,190,2022-06-09 06:24:21.031382,272.83,5
Reebok,Jacket,White,XL,Wool,58,2025-02-18 06:24:21.031382,78.06,3
Adidas,Dress,Yellow,XXL,Silk,112,2022-05-14 06:24:21.031382,127.87,5
Nike,Jacket,White,M,Polyester,19,2023-12-22 06:24:21.031382,27.23,1
Nike,Jeans,Green,XL,Nylon,12,2024-05-06 06:24:21.031382,15.88,0
Adidas,Shoes,Green,XS,Polyester,126,2025-03-23 06:24:21.031382,183.69,5
New Balance,Jeans,Blue,XS,Silk,118,2022-05-13 06:24:21.031382,176.54,3
Nike,Sweater,White,S,Denim,99,2024-07-15 06:24:21.031382,129.34,3
Under Armour,Jeans,Red,L,Wool,134,2024-09-17 06:24:21.031382,199.38,3
Nike,Jacket,Green,XXL,Wool,127,2021-04-29 06:24:21.031382,180.26,0
Reebok,Jeans,Red,XL,Cotton,110,2020-10-18 06:24:21.031382,150.5,4
Adidas,Jacket,Blue,S,Denim,100,2020-11-23 06:24:21.031382,139.07,1
Puma,Sweater,Red,XL,Denim,78,2021-06-19 06:24:21.031382,113.14,4
Reebok,Jacket,Green,XS,Nylon,115,2022-01-12 06:24:21.031382,131.62,0
Reebok,Dress,Black,S,Cotton,20,2021-03-05 06:24:21.031382,29.8,5
Under Armour,Jeans,Red,XXL,Polyester,22,2022-07-14 06:24:21.031382,31.21,4
Puma,T-shirt,White,S,Silk,114,2023-12-15 06:24:21.031382,148.94,1
Under Armour,Dress,Red,L,Denim,175,2022-01-06 06:24:21.031382,217.18,3
Adidas,Shoes,Black,XS,Silk,177,2023-12-13 06:24:21.031382,224.42,1
Puma,Jacket,Yellow,S,Denim,170,2021-05-13 06:24:21.031382,192.6,4
New Balance,Shoes,Black,XS,Cotton,132,2022-12-05 06:24:21.031382,175.19,3
Adidas,Shoes,Yellow,XS,Cotton,43,2021-05-08 06:24:21.031382,61.77,0
Nike,Shoes,Black,M,Polyester,164,2020-07-22 06:24:21.031382,245.9,4
Reebok,Dress,Red,M,Wool,109,2022-04-17 06:24:21.031382,157.75,1
Nike,Dress,Yellow,L,Silk,60,2025-04-10 06:24:21.031382,87.15,4
Adidas,Dress,Yellow,XS,Denim,98,2023-04-05 06:24:21.031382,124.41,4
Under Armour,Dress,Black,M,Denim,30,2025-02-19 06:24:21.031382,39.56,0
New Balance,Jacket,Red,XXL,Cotton,166,2020-10-07 06:24:21.031382,206.13,4
Reebok,Jeans,Red,XXL,Denim,82,2025-06-08 06:24:21.031382,120.04,4
Reebok,Jeans,Red,XL,Silk,28,2025-07-02 06:24:21.031382,41.53,3
Puma,Dress,Yellow,XS,Wool,163,2024-02-06 06:24:21.031382,233.77,2
New Balance,T-shirt,Yellow,S,Silk,162,2022-08-12 06:24:21.031382,203.59,1
Nike,Jeans,White,XS,Wool,49,2021-06-02 06:24:21.031382,68.45,0
New Balance,Jacket,White,S,Wool,133,2024-12-08 06:24:21.031382,190.68,1
Adidas,Jacket,Yellow,L,Nylon,38,2024-05-23 06:24:21.031382,51.8,1
Adidas,Jeans,Red,M,Polyester,162,2021-03-25 06:24:21.031382,185.24,5
Adidas,Jacket,Blue,XL,Silk,156,2021-07-11 06:24:21.031382,213.99,3
Adidas,Jacket,Blue,M,Wool,182,2025-05-16 06:24:21.031382,204.79,4
Under Armour,Sweater,Yellow,XXL,Silk,55,2024-05-22 06:24:21.031382,69.39,3
New Balance,Jacket,Yellow,S,Cotton,64,2021-06-10 06:24:21.031382,74.55,3
Adidas,Jeans,Red,XXL,Polyester,10,2020-11-25 06:24:21.031382,12.15,0
Under Armour,Jeans,Red,L,Polyester,148,2023-02-26 06:24:21.031382,177.98,0
New Balance,Shoes,Blue,S,Cotton,144,2021-11-08 06:24:21.031382,164.82,4
Under Armour,Shoes,Blue,XXL,Cotton,109,2022-10-29 06:24:21.031382,162.33,1
Puma,T-shirt,Black,L,Silk,195,2023-07-15 06:24:21.031382,259.89,2
Puma,Dress,Red,XXL,Nylon,157,2024-07-14 06:24:21.031382,184.84,4
Nike,Jeans,Green,L,Silk,172,2023-01-27 06:24:21.031382,190.3,4
Adidas,Jacket,Black,XXL,Silk,60,2022-11-20 06:24:21.031382,88.73,2
Under Armour,Shoes,Red,XL,Wool,112,2023-12-04 06:24:21.031382,138.07,4
Puma,Shoes,Green,XL,Silk,30,2024-01-20 06:24:21.031382,34.19,0
Adidas,T-shirt,Green,M,Polyester,181,2021-08-04 06:24:21.031382,236.15,4
Puma,Sweater,Yellow,XL,Denim,128,2024-02-26 06:24:21.031382,155.93,4
Puma,Shoes,Yellow,S,Nylon,138,2021-07-27 06:24:21.031382,191.78,2
Nike,T-shirt,Green,S,Cotton,119,2023-10-23 06:24:21.031382,168.79,4
Under Armour,Jacket,Green,XXL,Polyester,115,2022-12-20 06:24:21.031382,149.33,4
Under Armour,Jeans,White,XXL,Cotton,150,2024-01-30 06:24:21.031382,173.4,4
New Balance,T-shirt,Black,L,Wool,25,2022-09-21 06:24:21.031382,36.48,5
New Balance,Jacket,Green,M,Silk,128,2020-11-13 06:24:21.031382,176.22,0
Puma,Sweater,Yellow,XXL,Wool,43,2024-05-29 06:24:21.031382,57.77,2
Adidas,Shoes,Yellow,M,Cotton,161,2024-11-03 06:24:21.031382,228.78,1
New Balance,T-shirt,Yellow,M,Silk,150,2024-09-07 06:24:21.031382,168.81,4
Under Armour,Jacket,Blue,L,Denim,143,2020-08-13 06:24:21.031382,168.81,2
New Balance,Dress,Black,XL,Denim,48,2024-05-16 06:24:21.031382,66.19,0
Nike,Jeans,Black,XS,Silk,11,2022-10-09 06:24:21.031382,14.98,1
Under Armour,Jacket,Black,S,Wool,20,2024-07-16 06:24:21.031382,22.66,4
Nike,Dress,White,L,Cotton,16,2021-06-30 06:24:21.031382,18.21,5
Adidas,Jeans,Blue,S,Nylon,135,2023-12-23 06:24:21.031382,149.93,1
New Balance,Shoes,Black,XL,Wool,16,2023-06-15 06:24:21.031382,21.64,4
Puma,Jeans,Blue,XL,Polyester,112,2022-08-25 06:24:21.031382,130.41,4
Adidas,Jeans,Blue,L,Polyester,176,2023-02-11 06:24:21.031382,218.69,0
New Balance,Dress,Green,L,Polyester,85,2024-08-13 06:24:21.031382,101.37,3
New Balance,T-shirt,Blue,XS,Cotton,124,2023-12-13 06:24:21.031382,166.47,3
Adidas,Shoes,Red,M,Polyester,95,2021-12-13 06:24:21.031382,130.87,2
Nike,Dress,Red,XS,Polyester,136,2022-01-12 06:24:21.031382,161.19,2
Adidas,Dress,White,L,Silk,124,2024-02-29 06:24:21.031382,150.67,0
Puma,Jacket,White,XS,Silk,188,2023-03-23 06:24:21.031382,229.85,2
Under Armour,Jacket,Black,XXL,Silk,61,2023-11-02 06:24:21.031382,71.44,2
Nike,Sweater,Red,XXL,Cotton,12,2023-07-13 06:24:21.031382,17.3,1
New Balance,Dress,White,XXL,Polyester,86,2024-05-26 06:24:21.031382,98.8,5
Nike,Dress,White,S,Wool,167,2024-01-27 06:24:21.031382,208.96,2
Adidas,Sweater,Green,XL,Polyester,19,2022-05-04 06:24:21.031382,25.85,1
Adidas,Dress,Red,XL,Silk,125,2021-03-27 06:24:21.031382,163.32,2
New Balance,Dress,Blue,XS,Denim,143,2025-05-08 06:24:21.031382,211.71,0
Adidas,Sweater,White,XXL,Polyester,126,2021-03-19 06:24:21.031382,170.29,3
Reebok,Sweater,White,M,Silk,191,2023-12-27 06:24:21.031382,250.15,0
Puma,Sweater,Red,L,Polyester,53,2022-11-21 06:24:21.031382,76.85,2
Adidas,Jeans,Yellow,XL,Denim,89,2021-06-08 06:24:21.031382,112.04,4
Reebok,Jacket,White,XS,Cotton,72,2022-01-27 06:24:21.031382,82.89,5
Nike,Sweater,Green,L,Nylon,86,2021-01-07 06:24:21.031382,117.49,2
Puma,Jeans,Black,XL,Nylon,57,2021-04-02 06:24:21.031382,79.28,0
Reebok,Shoes,Yellow,XXL,Polyester,86,2025-01-04 06:24:21.031382,127.53,1
Nike,Jacket,Green,XS,Wool,159,2024-05-22 06:24:21.031382,202.01,0
Under Armour,Sweater,Green,L,Polyester,130,2020-12-06 06:24:21.031382,185.4,3
Under Armour,Shoes,Green,M,Denim,28,2020-08-20 06:24:21.031382,31.99,4
Puma,Dress,Red,XS,Polyester,99,2025-06-23 06:24:21.031382,146.44,5
Reebok,Dress,Red,XS,Nylon,23,2021-06-12 06:24:21.031382,26.87,5
Reebok,Jacket,Yellow,XS,Polyester,102,2023-09-07 06:24:21.031382,130.46,5
Nike,T-shirt,Yellow,XL,Polyester,115,2020-12-01 06:24:21.031382,137.34,1
Under Armour,Jacket,Blue,M,Silk,16,2025-01-26 06:24:21.031382,20.62,1
Under Armour,Jeans,Blue,XXL,Polyester,110,2022-01-05 06:24:21.031382,139.69,4
Adidas,Dress,Blue,M,Silk,58,2023-12-14 06:24:21.031382,85.72,2
New Balance,Shoes,Green,XXL,Cotton,50,2024-09-28 06:24:21.031382,63.51,5
New Balance,Shoes,Black,XS,Wool,164,2021-03-03 06:24:21.031382,233.84,1
New Balance,Dress,Blue,XXL,Polyester,168,2024-08-04 06:24:21.031382,249.94,1
Reebok,Sweater,Yellow,XS,Silk,143,2021-05-29 06:24:21.031382,182.13,3
New Balance,Jeans,Black,M,Denim,153,2024-06-09 06:24:21.031382,218.36,0
Puma,T-shirt,Blue,L,Denim,47,2021-11-08 06:24:21.031382,57.98,1
Under Armour,Jeans,Red,XS,Silk,69,2021-10-14 06:24:21.031382,100.82,4
Puma,Jeans,White,M,Denim,123,2025-02-09 06:24:21.031382,145.59,1
New Balance,Jeans,Blue,XL,Denim,105,2023-07-28 06:24:21.031382,144.52,0
Puma,Jeans,Blue,M,Polyester,106,2021-06-05 06:24:21.031382,120.06,1
Adidas,T-shirt,Green,L,Nylon,42,2024-01-15 06:24:21.031382,48.4,2
Under Armour,Jeans,Green,XS,Nylon,72,2022-08-08 06:24:21.031382,87.86,3
Puma,T-shirt,Blue,XXL,Polyester,148,2022-11-16 06:24:21.031382,218.27,4
Under Armour,Jacket,Green,M,Polyester,150,2022-04-30 06:24:21.031382,214.75,2
Adidas,Shoes,Red,S,Nylon,103,2023-12-09 06:24:21.031382,128.18,1
New Balance,Jeans,Black,XS,Polyester,74,2021-05-24 06:24:21.031382,105.27,0
Nike,Sweater,Black,XS,Polyester,167,2024-01-25 06:24:21.031382,224.63,1
Nike,T-shirt,Green,S,Nylon,100,2021-12-31 06:24:21.031382,112.04,4
Nike,Shoes,Blue,XS,Silk,160,2021-02-26 06:24:21.031382,180.19,0
Puma,Shoes,Red,XL,Cotton,157,2021-11-07 06:24:21.031382,192.02,4
Puma,T-shirt,Red,XL,Polyester,143,2022-11-24 06:24:21.031382,170.71,2
Puma,Shoes,Yellow,L,Nylon,46,2021-07-24 06:24:21.031382,64.31,1
Under Armour,Jeans,Green,XXL,Denim,93,2025-06-19 06:24:21.031382,114.51,2
Reebok,Sweater,Yellow,L,Polyester,137,2021-02-07 06:24:21.031382,164.7,1
Under Armour,Shoes,Green,M,Polyester,15,2022-11-26 06:24:21.031382,22.14,2
Nike,Shoes,Yellow,M,Silk,102,2022-09-06 06:24:21.031382,116.29,4
Reebok,Sweater,White,XL,Cotton,164,2023-12-01 06:24:21.031382,216.6,4
Adidas,Jeans,Blue,XS,Polyester,93,2022-08-20 06:24:21.031382,122.38,4
Reebok,Sweater,Green,XXL,Cotton,150,2024-06-20 06:24:21.031382,223.72,0
Adidas,T-shirt,Black,XXL,Nylon,145,2021-01-17 06:24:21.031382,166.16,1
Puma,Shoes,Green,S,Nylon,190,2024-03-31 06:24:21.031382,238.41,5
Nike,Jeans,Black,XXL,Denim,90,2023-09-30 06:24:21.031382,120.52,5
Puma,Jeans,Yellow,XL,Wool,167,2021-06-27 06:24:21.031382,204.23,4
Under Armour,Jeans,Yellow,L,Silk,10,2021-04-15 06:24:21.031382,11.12,2
New Balance,Jacket,Blue,L,Nylon,84,2020-12-03 06:24:21.031382,123.8,4
Puma,Jeans,Black,L,Denim,141,2023-01-03 06:24:21.031382,156.78,0
Puma,Dress,Blue,XXL,Polyester,71,2024-08-14 06:24:21.031382,95.8,4
Reebok,Dress,Red,XXL,Polyester,77,2022-09-04 06:24:21.031382,94.92,3
Adidas,T-shirt,Black,S,Nylon,154,2020-12-08 06:24:21.031382,227.12,3
Nike,Jacket,Green,L,Wool,122,2024-02-25 06:24:21.031382,134.67,2
Puma,Jacket,Black,L,Denim,94,2020-08-13 06:24:21.031382,117.89,5
Puma,Sweater,Yellow,M,Silk,126,2022-06-29 06:24:21.031382,150.07,5
Adidas,Jeans,White,XS,Denim,66,2022-01-08 06:24:21.031382,83.68,2
Under Armour,Dress,White,XXL,Wool,72,2024-04-23 06:24:21.031382,93.63,3
Under Armour,Jacket,Blue,XS,Cotton,194,2024-10-30 06:24:21.031382,273.2,0
Reebok,Dress,Red,S,Silk,58,2024-09-24 06:24:21.031382,66.87,1
Adidas,Dress,Blue,L,Silk,155,2023-05-02 06:24:21.031382,175.86,1
Puma,Jeans,Red,M,Polyester,127,2025-06-27 06:24:21.031382,154.36,0
Under Armour,Dress,White,XS,Silk,195,2022-04-07 06:24:21.031382,268.23,0
Under Armour,T-shirt,Yellow,S,Silk,19,2021-07-23 06:24:21.031382,23.83,0
Nike,T-shirt,White,M,Polyester,89,2023-02-25 06:24:21.031382,132.79,4
Nike,Jacket,White,L,Silk,171,2024-08-20 06:24:21.031382,228.48,4
New Balance,Jacket,Blue,S,Wool,142,2021-09-24 06:24:21.031382,174.83,3
Reebok,Sweater,Green,XXL,Silk,154,2020-12-16 06:24:21.031382,177.7,2
Under Armour,Dress,Green,M,Nylon,81,2025-02-11 06:24:21.031382,89.22,5
Under Armour,Jacket,Blue,XS,Silk,72,2022-01-05 06:24:21.031382,99.85,5
Adidas,Jeans,White,XL,Silk,33,2022-10-29 06:24:21.031382,47.16,1
Nike,Jacket,White,XS,Cotton,101,2021-09-13 06:24:21.031382,143.66,0
Nike,T-shirt,Blue,XL,Cotton,120,2023-05-08 06:24:21.031382,145.24,4
Under Armour,Dress,Red,S,Denim,17,2023-09-20 06:24:21.031382,19.4,4
Reebok,T-shirt,Blue,M,Wool,32,2024-04-21 06:24:21.031382,36.63,5
Under Armour,Jacket,White,M,Cotton,108,2024-01-15 06:24:21.031382,138.08,2
Puma,Jacket,White,M,Denim,168,2024-01-10 06:24:21.031382,217.72,0
Nike,T-shirt,Red,L,Wool,90,2023-09-28 06:24:21.031382,114.1,3
Nike,Shoes,Blue,XS,Denim,165,2024-05-29 06:24:21.031382,199.25,4
Adidas,Sweater,White,XL,Cotton,57,2021-09-07 06:24:21.031382,62.71,5
Reebok,Sweater,Blue,L,Cotton,124,2023-01-09 06:24:21.031382,159.59,2
Adidas,Jacket,Black,S,Polyester,21,2022-01-16 06:24:21.031382,29.95,2
Nike,Sweater,Red,S,Wool,88,2020-10-20 06:24:21.031382,130.5,3
New Balance,T-shirt,Yellow,XXL,Denim,40,2021-04-30 06:24:21.031382,45.11,4
Reebok,Dress,Green,XXL,Silk,100,2025-01-09 06:24:21.031382,139.39,5
Under Armour,Jacket,Red,L,Cotton,44,2021-08-10 06:24:21.031382,63.82,5
Under Armour,Jeans,Blue,XXL,Wool,64,2023-02-05 06:24:21.031382,75.69,0
New Balance,Shoes,White,XL,Silk,91,2024-04-01 06:24:21.031382,105.48,3
Reebok,Sweater,Green,S,Cotton,173,2024-02-16 06:24:21.031382,231.17,4
Puma,Sweater,Blue,XXL,Nylon,81,2021-01-31 06:24:21.031382,116.0,1
Under Armour,Jeans,Yellow,XXL,Silk,119,2024-07-22 06:24:21.031382,145.31,4
Adidas,Shoes,Red,XXL,Cotton,69,2025-06-05 06:24:21.031382,90.36,2
Under Armour,Jeans,White,XS,Cotton,122,2022-02-19 06:24:21.031382,159.81,1
Under Armour,Shoes,White,S,Denim,175,2023-07-28 06:24:21.031382,246.77,0
Puma,T-shirt,Red,XL,Silk,78,2022-01-22 06:24:21.031382,94.87,0
Under Armour,Shoes,Blue,XXL,Wool,191,2022-11-28 06:24:21.031382,232.23,2
Adidas,T-shirt,Blue,XS,Polyester,23,2021-01-14 06:24:21.031382,27.35,0
Adidas,Sweater,Red,L,Denim,111,2024-03-30 06:24:21.031382,165.25,3
New Balance,Shoes,Blue,XL,Cotton,29,2024-05-09 06:24:21.031382,38.14,3
Adidas,Dress,Red,XS,Wool,117,2025-02-26 06:24:21.031382,172.35,1
New Balance,T-shirt,Black,XXL,Nylon,18,2024-09-30 06:24:21.031382,19.92,4
Nike,Shoes,Yellow,XS,Denim,106,2023-01-08 06:24:21.031382,147.66,2
Under Armour,T-shirt,White,XS,Silk,134,2023-03-15 06:24:21.031382,161.4,1
Under Armour,Jacket,Red,XL,Wool,110,2023-06-05 06:24:21.031382,161.9,1
Reebok,Shoes,White,XXL,Wool,139,2022-04-21 06:24:21.031382,191.1,4
Puma,Jacket,Yellow,M,Wool,167,2023-05-31 06:24:21.031382,222.47,5
Nike,T-shirt,Yellow,S,Polyester,143,2024-09-10 06:24:21.031382,212.92,3
New Balance,Dress,Black,M,Polyester,178,2021-04-19 06:24:21.031382,199.58,5
Under Armour,Sweater,Red,XXL,Denim,160,2020-08-21 06:24:21.031382,178.61,1
Adidas,Jeans,Blue,S,Denim,40,2023-06-07 06:24:21.031382,59.39,3
Nike,Shoes,Blue,XL,Nylon,29,2021-11-18 06:24:21.031382,33.74,5
Nike,T-shirt,Red,S,Cotton,14,2023-11-25 06:24:21.031382,18.12,2
New Balance,Dress,Red,XXL,Polyester,158,2022-09-20 06:24:21.031382,233.65,2
Adidas,Dress,Yellow,XL,Denim,116,2023-10-05 06:24:21.031382,140.48,0
Reebok,Dress,Yellow,XS,Polyester,84,2021-12-23 06:24:21.031382,118.98,0
New Balance,T-shirt,White,L,Polyester,133,2021-02-09 06:24:21.031382,173.34,0
Under Armour,T-shirt,Green,M,Polyester,70,2025-05-26 06:24:21.031382,102.91,4
Puma,Shoes,Yellow,M,Denim,103,2023-01-11 06:24:21.031382,121.55,0
Reebok,Shoes,Red,XL,Denim,179,2020-08-25 06:24:21.031382,204.64,4
Puma,Dress,Green,S,Nylon,50,2025-01-22 06:24:21.031382,56.09,0
New Balance,Dress,Yellow,S,Wool,198,2022-06-15 06:24:21.031382,276.63,3
Puma,Shoes,Blue,L,Silk,189,2023-07-07 06:24:21.031382,256.87,2
Under Armour,T-shirt,Yellow,XS,Silk,50,2023-06-01 06:24:21.031382,71.71,1
Nike,Sweater,Yellow,S,Wool,69,2023-07-24 06:24:21.031382,77.38,2
Adidas,T-shirt,Yellow,S,Cotton,39,2023-12-19 06:24:21.031382,52.83,0
Puma,Jacket,Yellow,XXL,Nylon,104,2020-10-25 06:24:21.031382,137.87,4
Reebok,Dress,Black,XS,Nylon,175,2022-06-24 06:24:21.031382,257.0,0
Under Armour,Sweater,Red,L,Polyester,136,2020-07-27 06:24:21.031382,198.29,3
Under Armour,Jeans,Green,S,Wool,26,2024-03-29 06:24:21.031382,30.57,4
New Balance,T-shirt,Red,XL,Polyester,109,2024-05-09 06:24:21.031382,153.58,0
Reebok,Dress,Yellow,XS,Silk,177,2025-04-12 06:24:21.031382,250.73,1
Puma,T-shirt,Blue,S,Silk,167,2024-12-07 06:24:21.031382,199.33,0
Puma,Jeans,Green,L,Wool,75,2022-05-28 06:24:21.031382,91.27,3
Puma,T-shirt,White,M,Silk,33,2025-05-28 06:24:21.031382,48.62,1
Reebok,Sweater,Red,XL,Denim,138,2024-10-25 06:24:21.031382,184.63,0
Puma,Jeans,White,XXL,Nylon,97,2023-02-12 06:24:21.031382,136.63,3
Reebok,Jacket,Blue,XL,Polyester,47,2024-01-18 06:24:21.031382,55.65,3
Under Armour,Jacket,Yellow,XL,Nylon,121,2025-05-24 06:24:21.031382,150.58,4
Reebok,Dress,Blue,XL,Wool,164,2022-11-15 06:24:21.031382,213.7,5
Adidas,Jacket,Red,M,Wool,99,2025-03-15 06:24:21.031382,113.15,3
Nike,T-shirt,Green,M,Silk,144,2025-06-03 06:24:21.031382,181.94,0
Nike,Sweater,Red,M,Cotton,111,2022-10-04 06:24:21.031382,138.51,1
Adidas,Jacket,Blue,M,Denim,51,2024-05-13 06:24:21.031382,69.51,4
Reebok,Dress,Blue,L,Cotton,155,2023-08-30 06:24:21.031382,208.83,1
New Balance,T-shirt,Red,S,Wool,122,2025-06-20 06:24:21.031382,152.48,5
Nike,Dress,White,M,Nylon,53,2023-04-08 06:24:21.031382,70.38,2
Adidas,Dress,White,M,Denim,120,2021-03-08 06:24:21.031382,155.8,2
New Balance,Sweater,Red,L,Polyester,128,2021-11-17 06:24:21.031382,152.65,3
Puma,Shoes,Red,XS,Cotton,157,2020-10-07 06:24:21.031382,192.13,5
Adidas,Sweater,Blue,L,Cotton,32,2023-11-17 06:24:21.031382,35.74,1
Nike,Dress,Black,XS,Nylon,119,2021-01-06 06:24:21.031382,145.86,4
Reebok,Dress,Red,XL,Wool,149,2025-05-12 06:24:21.031382,191.04,4
Reebok,Jacket,Yellow,L,Silk,21,2024-10-28 06:24:21.031382,24.37,4
Reebok,Jacket,Blue,XL,Denim,171,2022-12-30 06:24:21.031382,212.73,3
Nike,Jeans,Black,XS,Nylon,145,2021-03-26 06:24:21.031382,208.4,2
Puma,Shoes,Green,L,Wool,129,2020-09-24 06:24:21.031382,186.24,1
Reebok,Sweater,Black,XS,Denim,36,2024-09-06 06:24:21.031382,40.3,5
New Balance,Shoes,Green,XS,Denim,58,2023-11-05 06:24:21.031382,72.46,5
Under Armour,Jacket,Black,XL,Polyester,192,2024-06-11 06:24:21.031382,227.32,1
Puma,Dress,Blue,XS,Wool,106,2024-08-20 06:24:21.031382,147.19,2
New Balance,Jacket,Yellow,S,Silk,110,2022-05-12 06:24:21.031382,131.86,1
Adidas,Jeans,Blue,M,Wool,92,2025-05-19 06:24:21.031382,108.17,1
Under Armour,Jacket,Black,L,Wool,97,2025-05-05 06:24:21.031382,144.37,2
Puma,Dress,Black,XL,Nylon,159,2022-08-18 06:24:21.031382,236.14,1
Nike,Jacket,Green,M,Silk,12,2022-03-10 06:24:21.031382,13.27,0
Under Armour,Jacket,Red,XL,Silk,18,2022-07-06 06:24:21.031382,24.34,0
Puma,Sweater,Blue,S,Cotton,20,2021-08-19 06:24:21.031382,29.51,3
Puma,Sweater,Green,XXL,Cotton,15,2025-06-21 06:24:21.031382,18.35,4
New Balance,Jeans,Black,M,Polyester,48,2024-02-15 06:24:21.031382,64.37,2
Puma,Jeans,Black,L,Polyester,176,2021-09-08 06:24:21.031382,232.11,5
Puma,Jacket,Red,XXL,Silk,110,2024-05-07 06:24:21.031382,142.86,2
Reebok,Sweater,Blue,XS,Denim,127,2021-10-19 06:24:21.031382,154.27,2
Under Armour,Sweater,Black,XXL,Denim,69,2024-12-05 06:24:21.031382,96.08,1
New Balance,Jacket,Yellow,XS,Wool,174,2021-12-15 06:24:21.031382,254.63,0
